<?xml version='1.0' encoding='UTF-8'?>
<!DOCTYPE beans PUBLIC '-//SPRING//DTD BEAN//EN' 'http://www.springframework.org/dtd/spring-beans.dtd'>
<beans>
   <bean id="authenticationComponent" class="org.alfresco.repo.security.authentication.SimpleAcceptOrRejectAllAuthenticationComponentImpl"
      parent="authenticationComponentBase">
      <property name="authenticationDao">
         <ref bean="authenticationDao" />
      </property>
      <property name="nodeService">
         <ref bean="nodeService" />
      </property>
      <property name="personService">
         <ref bean="personService" />
      </property>
      <property name="transactionService">
         <ref bean="transactionService" />
      </property>
      <property name="defaultAdministratorUserNameList">
         <value>${external.authentication.defaultAdministratorUserNames}</value>
      </property>
   </bean>

   <!-- Wrapped version to be used within subsystem -->
   <bean id="AuthenticationComponent" class="org.springframework.transaction.interceptor.TransactionProxyFactoryBean">
      <property name="proxyInterfaces">
         <list>
            <value>org.alfresco.repo.security.authentication.AuthenticationComponent</value>
         </list>
      </property>
      <property name="transactionManager">
         <ref bean="transactionManager" />
      </property>
      <property name="target">
         <ref bean="authenticationComponent" />
      </property>
      <property name="transactionAttributes">
         <props>
            <prop key="*">${server.transaction.mode.default}</prop>
         </props>
      </property>
   </bean>

   <!-- Authentication service for chaining -->
   <bean id="localAuthenticationService" class="org.alfresco.repo.security.authentication.AuthenticationServiceImpl">
      <property name="ticketComponent">
         <ref bean="ticketComponent" />
      </property>
      <property name="authenticationComponent">
         <ref bean="authenticationComponent" />
      </property>
      <property name="sysAdminParams">
         <ref bean="sysAdminParams" />
      </property>
      <property name="protectedUsersCache">
         <ref bean="protectedUsersCache" />
      </property>
      <property name="protectionEnabled">
         <!-- for external authentication ignore ${authentication.protection.enabled} -->
         <!-- the external users are already authenticated by something else -->
         <value>false</value>
      </property>
      <property name="protectionLimit">
         <value>${authentication.protection.limit}</value>
      </property>
      <property name="protectionPeriodSeconds">
         <value>${authentication.protection.periodSeconds}</value>
      </property>
      <property name="personService">
         <ref bean="PersonService" />
      </property>
   </bean>

   <!-- Enable control over mapping between request and user ID -->
   <bean id="remoteUserMapper" class="org.alfresco.repo.security.authentication.external.DefaultRemoteUserMapper">
      <property name="proxyUserName">
         <value>${external.authentication.proxyUserName}</value>
      </property>
      <property name="proxyHeader">
         <value>${external.authentication.proxyHeader}</value>
      </property>
      <property name="active">
         <value>${external.authentication.enabled}</value>
      </property>
      <property name="userIdPattern">
         <value>${external.authentication.userIdPattern}</value>
      </property>
      <property name="personService">
         <ref bean="PersonService" />
      </property>
   </bean>

   <bean id="adminConsoleAuthenticator" class="org.alfresco.repo.security.authentication.external.DefaultAdminConsoleAuthenticator" />

   <bean id="authenticationDao" class="org.alfresco.repo.security.authentication.RepositoryAuthenticationDao">
      <property name="nodeService" ref="nodeService" />
      <property name="authorityService" ref="authorityService" />
      <property name="tenantService" ref="tenantService" />
      <property name="namespaceService" ref="namespaceService" />
      <property name="compositePasswordEncoder" ref="compositePasswordEncoder" />
      <property name="policyComponent" ref="policyComponent" />
      <property name="authenticationCache" ref="authenticationCache" />
      <property name="singletonCache" ref="immutableSingletonCache"/>
      <property name="transactionService">
         <ref bean="transactionService" />
      </property>
   </bean>
</beans>