<?xml version='1.0' encoding='UTF-8'?>
<!DOCTYPE beans PUBLIC '-//SPRING//DTD BEAN//EN' 'http://www.springframework.org/dtd/spring-beans.dtd'>

<beans>
   <import resource="../common-opencmis-context.xml" />

    <bean id="search.cmis.alfresco.switching" parent="base.search.cmis.alfresco.switching" >
        <property name="subsystemName" value="solr6"/>
    </bean>

    <bean id="search.cmis.alfresco.switching1.1" parent="base.search.cmis.alfresco.switching1.1" >
        <property name="subsystemName" value="solr6"/>
    </bean>

    <bean id="search.cmis.strict.switching" parent="base.search.cmis.strict.switching" >
        <property name="subsystemName" value="solr6"/>
    </bean>

   <bean id="search.OpenCMISQueryService" class="org.alfresco.repo.search.impl.OpenCMISQueryServiceImpl" >
       <property name="cmisDictionaryService">
            <ref bean="OpenCMISDictionaryService" />
        </property>
        <property name="nodeService">
            <ref bean="nodeService" />
        </property>
        <property name="alfrescoDictionaryService">
            <ref bean="dictionaryService" />
        </property>
        <property name="queryLanguage">
            <ref bean="search.cmis.alfresco.switching" />
        </property>
    </bean>

   <bean id="search.OpenCMISQueryService1.1" class="org.alfresco.repo.search.impl.OpenCMISQueryServiceImpl" >
       <property name="cmisDictionaryService">
            <ref bean="OpenCMISDictionaryService1.1" />
        </property>
        <property name="nodeService">
            <ref bean="nodeService" />
        </property>
        <property name="alfrescoDictionaryService">
            <ref bean="dictionaryService" />
        </property>
        <property name="queryLanguage">
            <ref bean="search.cmis.alfresco.switching1.1" />
        </property>
    </bean>
    
    <bean id="search.cmis.alfresco.index" class="org.alfresco.repo.search.impl.solr.SolrQueryLanguage"  >
	    <property name="factories">
			<list>
			    <ref bean="search.indexerAndSearcherFactory" />
			</list>
        </property>
        <property name="name">
            <value>index-cmis</value>
        </property>
        <property name="solrQueryHTTPClient">
            <ref bean="search.solrQueryHTTPCLient" />
        </property>
    </bean>
</beans>