<?xml version='1.0' encoding='UTF-8'?>
<beans xmlns="http://www.springframework.org/schema/beans"
       xmlns:xsi="http://www.w3.org/2001/XMLSchema-instance"
       xsi:schemaLocation="http://www.springframework.org/schema/beans
        http://www.springframework.org/schema/beans/spring-beans.xsd">

    <bean id="imapServiceBootstrap" class="org.alfresco.repo.imap.ImapServiceImpl$ImapServiceBootstrap">
        <property name="service">
            <ref bean="imapService"/>
        </property>
    </bean>

    <bean id="imapServer" class="org.alfresco.repo.imap.AlfrescoImapServer">
        <property name="host">
            <value>${imap.server.host}</value>
        </property>
        <property name="port">
            <value>${imap.server.port}</value>
        </property>
        <property name="imapEnabled">
            <value>${imap.server.imap.enabled}</value>
        </property>
        <property name="imapsEnabled">
            <value>${imap.server.imaps.enabled}</value>
        </property>
        <property name="securePort">
            <value>${imap.server.imaps.port}</value>
        </property>
        <property name="imapServerEnabled">
            <value>${imap.server.enabled}</value>
        </property>
        <property name="imapService">
            <ref bean="ImapService" /> 
        </property>
        <property name="imapUserManager">
            <ref bean="imapUserManager" />
        </property>
    </bean>
    

    <bean id="imapResourceBundles" class="org.alfresco.i18n.ResourceBundleBootstrapComponent">
        <property name="resourceBundles">
            <list>
                <value>alfresco.messages.imap-service</value>
            </list>
        </property>
    </bean>
        
    <!--The configurable list of mount points -->
    <bean id="imap.config.server.mountPoints" class="org.springframework.beans.factory.config.ListFactoryBean" >
        <!-- Uses ImapConfigMountPointsBean with:
            mountPointName (e.g. Repository_virtual')
            modeName (e.g. 'VIRTUAL', 'ARCHIVE' or 'MIXED')
            store (e.g. '${spaces.store}')
            rootPath (e.g. '/${spaces.company_home.childname})
            folderPath (optional e.g. Projects/T1)
        -->
    </bean>

    <!--The configurable list of folders that ignore attachment extraction -->
    <bean id="imap.config.ignore.extraction" class="org.springframework.beans.factory.config.ListFactoryBean">
        <!-- Uses RepositoryPathConfigBean with:
            store (e.g. '${spaces.store}')
            rootPath (e.g. '/${spaces.company_home.childname})
            folderPath (optional e.g. Projects/T1)
        -->
    </bean>
    
    <!-- The IMAP home, which has to be a sub-folder -->
    <bean id="imap.config.home" class="org.alfresco.util.config.RepositoryFolderConfigBean">
        <property name="store">
            <value>${imap.config.home.store}</value>
        </property>
        <property name="rootPath">
            <value>${imap.config.home.rootPath}</value>
        </property>
        <property name="folderPath">
            <value>${imap.config.home.folderPath}</value>
        </property>
    </bean>
    
    <!-- The IMAP attachments common folder, which has to be a sub-folder -->
    <bean id="imap.attachments.folder" class="org.alfresco.util.config.RepositoryFolderConfigBean">
        <property name="store">
            <value>${imap.attachments.folder.store}</value>
        </property>
        <property name="rootPath">
            <value>${imap.attachments.folder.rootPath}</value>
        </property>
        <property name="folderPath">
            <value>${imap.attachments.folder.folderPath}</value>
        </property>
    </bean> 
    
    <bean id="ImapService_transaction" class="org.springframework.transaction.interceptor.TransactionInterceptor">
        <property name="transactionManager">
            <ref bean="transactionManager"/>
        </property>
        <property name="transactionAttributes">
            <props>
                <prop key="*">${server.transaction.mode.default}</prop>
            </props>
        </property>
    </bean>
    
    <bean id="attachmentsExtractor" class="org.alfresco.repo.imap.AttachmentsExtractor" init-method="init">
        <property name="fileFolderService">
            <ref bean="FileFolderService"/>
        </property>
        <property name="nodeService">
            <ref bean="NodeService"/>
        </property>
        <property name="imapService">
            <ref bean="imapService"/>
        </property>
        <property name="serviceRegistry">
            <ref bean="ServiceRegistry"/>
        </property>
        <property name="attachmentsFolder">
            <ref bean="imap.attachments.folder" />
        </property>
        <property name="attachmentsExtractorMode">
            <value>${imap.attachments.mode}</value>
        </property>        
        <property name="mimetypeService">
            <ref bean="mimetypeService" />
        </property>
    </bean>
    
    <bean id="imapService" class="org.alfresco.repo.imap.ImapServiceImpl" init-method="init">
        <property name="sysAdminParams">
            <ref bean="sysAdminParams" />
        </property>
        <property name="fileFolderService">
            <ref bean="FileFolderService"/>
        </property>
        <property name="messageCache">
            <ref bean="imapMessageCache"/>
        </property>
        <property name="nodeService">
            <ref bean="NodeService"/>
        </property>
        <property name="serviceRegistry">
            <ref bean="ServiceRegistry"/>
        </property>
        <property name="permissionService">
            <ref bean="PermissionService"/>
        </property>
        <property name="policyFilter">
            <ref bean="policyBehaviourFilter"/>
        </property>  
        <property name="namespaceService">
            <ref bean="namespaceService"/>
        </property>   
        <property name="searchService">
            <ref bean="SearchService"/>
        </property>   
        <property name="attachmentsExtractor">
            <ref bean="attachmentsExtractor"/>
        </property>
        <property name="imapConfigMountPoints">
            <ref bean="imap.config.server.mountPoints" />
        </property>
        <property name="ignoreExtractionFolders">
            <ref bean="imap.config.ignore.extraction" />
        </property>
        <property name="imapHome">
            <ref bean="imap.config.home" />
        </property>
        <property name="defaultFromAddress">
            <value>${imap.mail.from.default}</value>
        </property>
        <property name="defaultToAddress">
            <value>${imap.mail.to.default}</value>
        </property>
        <property name="repositoryTemplatePath">
            <value>${spaces.store}/${spaces.company_home.childname}/${spaces.dictionary.childname}/${spaces.imapConfig.childname}/${spaces.imap_templates.childname}</value>
        </property>
        <property name="extractAttachmentsEnabled">
            <value>${imap.server.attachments.extraction.enabled}</value>
        </property>
        <property name="folderCacheSize">
            <value>${imap.server.folder.cache.size}</value>
        </property>
        <property name="imapServerEnabled">
            <value>${imap.server.enabled}</value>
        </property>
        <property name="messageHeadersToPersist">
            <list>
                <value>Message-Id</value>
            </list>
        </property>
        <property name="imapServerShuffleMoveDeleteDelay">
            <value>${imap.server.shuffle.move.delete.delay}</value>
        </property>
    </bean>
    
    <!-- Public Imap Service -->
    
    <bean id="ImapService" class="org.springframework.aop.framework.ProxyFactoryBean">
        <property name="proxyInterfaces">
            <list>
                <value>org.alfresco.repo.imap.ImapService</value>
            </list>
        </property>
        <property name="target">
            <ref bean="imapService"/>
        </property>
        <property name="interceptorNames">
            <list>
                <idref bean="ImapService_transaction"/>
            </list>
        </property>
    </bean>
    
    <bean id="imapUserManager" class="org.alfresco.repo.imap.AlfrescoImapUserManager">
        <property name="authenticationService" ref="AuthenticationService" />
        <property name="personService" ref="PersonService" />
        <property name="nodeService" ref="NodeService" />
    </bean>
</beans>
