<?xml version="1.0" encoding="UTF-8" ?>

<!DOCTYPE mapper PUBLIC "-//mybatis.org//DTD Mapper 3.0//EN" "http://mybatis.org/dtd/mybatis-3-mapper.dtd">

<mapper namespace="alfresco.node.select.children">

    <!-- Note the MySQL specific fetch size limitation (Integer.MIN_VALUE). fetchSize activates resultset streaming. -->
    <!-- '1=1': Makes the SQL string unique WRT the prepared statement cache -->

    <select id="select_ChildAssocsOfParent_Limited" parameterType="ChildAssoc" resultMap="alfresco.node.result_ChildAssoc" fetchSize="-2147483648">
        <include refid="alfresco.node.select_ChildAssocsOfParent_Snippet"/>
        and 1=1
        <if test="ordered == true">
            <include refid="alfresco.node.select_ChildAssoc_OrderBy"/>
        </if>
    </select>

    <select id="select_ChildNodeIds_Limited" parameterType="ChildAssoc" resultMap="alfresco.node.result_ChildAssocIds" fetchSize="-2147483648">
        <include refid="alfresco.node.select_ChildNodeIds_Limited_Snippet"/>
    </select>

</mapper>
