<alfresco-config area="content-filter-lang">

    <!--  
        Define which standardized languages list to use. 
        Can be a personal one.
    -->
    <config evaluator="string-compare" condition="Standard In Use">
        <standard>ISO_639-1_EU-Order</standard>
    </config>

    <!--  
        Define a ordered map of languages matched by the unique language code.
    -->
    <config evaluator="string-compare" condition="Languages Filter Map">
        
            <!--  
                ISO 639-1 (alpha-2) uses 2 car codes.
                
                The list is ordered by language code ascending. 
            -->
            <ISO_639-1>
                <lang code="aa">Afar</lang>
                <lang code="ab">Abkhazian</lang>
                <lang code="ae">Avestan</lang>
                <lang code="af">Afrikaans</lang>
                <lang code="ak">Akan</lang>
                <lang code="am">Amharic</lang>
                <lang code="an">Aragonese</lang>
                <lang code="ar">Arabic</lang>
                <lang code="as">Assamese</lang>
                <lang code="av">Avaric</lang>
                <lang code="ay">Aymara</lang>
                <lang code="az">Azerbaijani</lang>
                <lang code="ba">Bashkir</lang>
                <lang code="be">Belarusian</lang>
                <lang code="bg">Bulgarian</lang>
                <lang code="bh">Bihari</lang>
                <lang code="bi">Bislama</lang>
                <lang code="bm">Bambara</lang>
                <lang code="bn">Bengali</lang>
                <lang code="bo">Tibetan</lang>
                <lang code="br">Breton</lang>
                <lang code="bs">Bosnian</lang>
                <lang code="ca">Catalan; Valencian</lang>
                <lang code="ce">Chechen</lang>
                <lang code="ch">Chamorro</lang>
                <lang code="co">Corsican</lang>
                <lang code="cr">Cree</lang>
                <lang code="cs">Czech</lang>
                <lang code="cu">Slavic</lang>
                <lang code="cv">Chuvash</lang>
                <lang code="cy">Welsh</lang>
                <lang code="da">Danish</lang>
                <lang code="de">German</lang>
                <lang code="dv">Maldivian</lang>
                <lang code="dz">Dzongkha</lang>
                <lang code="ee">Ewe</lang>
                <lang code="el">Greek</lang>
                <lang code="en">English</lang>
                <lang code="eo">Esperanto</lang>
                <lang code="es">Spanish</lang>
                <lang code="et">Estonian</lang>
                <lang code="eu">Basque</lang>
                <lang code="fa">Persian</lang>
                <lang code="ff">Fulah</lang>
                <lang code="fi">Finnish</lang>
                <lang code="fj">Fijian</lang>
                <lang code="fo">Faroese</lang>
                <lang code="fr">French</lang>
                <lang code="fy">Western Frisian</lang>
                <lang code="ga">Irish</lang>
                <lang code="gd">Gaelic</lang>
                <lang code="gl">Galician</lang>
                <lang code="gn">Guarani</lang>
                <lang code="gu">Gujarati</lang>
                <lang code="gv">Manx</lang>
                <lang code="ha">Hausa</lang>
                <lang code="he">Hebrew</lang>
                <lang code="hi">Hindi</lang>
                <lang code="ho">Hiri Motu</lang>
                <lang code="hr">Croatian</lang>
                <lang code="ht">Haitian</lang>
                <lang code="hu">Hungarian</lang>
                <lang code="hy">Armenian</lang>
                <lang code="hz">Herero</lang>
                <lang code="ia">Interlingua</lang>
                <lang code="id">Indonesian</lang>
                <lang code="ie">Interlingue</lang>
                <lang code="ig">Igbo</lang>
                <lang code="ii">Sichuan Yi</lang>
                <lang code="ik">Inupiaq</lang>
                <lang code="io">Ido</lang>
                <lang code="is">Icelandic</lang>
                <lang code="it">Italian</lang>
                <lang code="iu">Inuktitut</lang>
                <lang code="ja">Japanese</lang>
                <lang code="jv">Javanese</lang>
                <lang code="ka">Georgian</lang>
                <lang code="kg">Kongo</lang>
                <lang code="ki">Kikuyu; Gikuyu</lang>
                <lang code="kj">Kuanyama; Kwanyama</lang>
                <lang code="kk">Kazakh</lang>
                <lang code="kl">Kalaallisut; Greenlandic</lang>
                <lang code="km">Khmer</lang>
                <lang code="kn">Kannada</lang>
                <lang code="ko">Korean</lang>
                <lang code="kr">Kanuri</lang>
                <lang code="ks">Kashmiri</lang>
                <lang code="ku">Kurdish</lang>
                <lang code="kv">Komi</lang>
                <lang code="kw">Cornish</lang>
                <lang code="ky">Kirghiz</lang>
                <lang code="la">Latin</lang>
                <lang code="lb">Luxembourgish; Letzeburgesch</lang>
                <lang code="lg">Ganda</lang>
                <lang code="li">Limburgan; Limburger; Limburgish</lang>
                <lang code="ln">Lingala</lang>
                <lang code="lo">Lao</lang>
                <lang code="lt">Lithuanian</lang>
                <lang code="lu">Luba-Katanga</lang>
                <lang code="lv">Latvian</lang>
                <lang code="mg">Malagasy</lang>
                <lang code="mh">Marshallese</lang>
                <lang code="mi">Maori</lang>
                <lang code="mk">Macedonian</lang>
                <lang code="ml">Malayalam</lang>
                <lang code="mn">Mongolian</lang>
                <lang code="mo">Moldavian</lang>
                <lang code="mr">Marathi</lang>
                <lang code="ms">Malay</lang>
                <lang code="mt">Maltese</lang>
                <lang code="my">Burmese</lang>
                <lang code="na">Nauru</lang>
                <lang code="nb">Norvégien Bokmål</lang>
                <lang code="nd">North Ndebele</lang>
                <lang code="ne">Nepali</lang>
                <lang code="ng">Ndonga</lang>
                <lang code="nl">Dutch</lang>
                <lang code="nn">Norwegian Nynorsk</lang>
                <lang code="no">Norwegian</lang>
                <lang code="nr">South Ndebele</lang>
                <lang code="nv">Navajo; Navaho</lang>
                <lang code="ny">Chichewa; Chewa; Nyanja</lang>
                <lang code="oc">Occitan (post 1500); Provençal</lang>
                <lang code="oj">Ojibwa</lang>
                <lang code="om">Oromo</lang>
                <lang code="or">Oriya</lang>
                <lang code="os">Ossetian; Ossetic</lang>
                <lang code="pa">Panjabi; Punjabi</lang>
                <lang code="pi">Pali</lang>
                <lang code="pl">Polish</lang>
                <lang code="ps">Pushto</lang>
                <lang code="pt">Portuguese</lang>
                <lang code="qu">Quechua</lang>
                <lang code="rm">Raeto-Romance</lang>
                <lang code="rn">Rundi</lang>
                <lang code="ro">Romanian</lang>
                <lang code="ru">Russian</lang>
                <lang code="rw">Kinyarwanda</lang>
                <lang code="sa">Sanskrit</lang>
                <lang code="sc">Sardinian</lang>
                <lang code="sd">Sindhi</lang>
                <lang code="se">Northern Sami</lang>
                <lang code="sg">Sango</lang>
                <lang code="si">Sinhala; Sinhalese</lang>
                <lang code="sk">Slovak</lang>
                <lang code="sl">Slovenian</lang>
                <lang code="sm">Samoan</lang>
                <lang code="sn">Shona</lang>
                <lang code="so">Somali</lang>
                <lang code="sq">Albanian</lang>
                <lang code="sr">Serbian</lang>
                <lang code="ss">Swati</lang>
                <lang code="st">Sotho, Southern</lang>
                <lang code="su">Sundanese</lang>
                <lang code="sv">Swedish</lang>
                <lang code="sw">Swahili</lang>
                <lang code="ta">Tamil</lang>
                <lang code="te">Telugu</lang>
                <lang code="tg">Tajik</lang>
                <lang code="th">Thai</lang>
                <lang code="ti">Tigrinya</lang>
                <lang code="tk">Turkmen</lang>
                <lang code="tl">Tagalog</lang>
                <lang code="tn">Tswana</lang>
                <lang code="to">Tonga (Tonga Islands)</lang>
                <lang code="tr">Turkish</lang>
                <lang code="tr">Turkish</lang>
                <lang code="ts">Tsonga</lang>
                <lang code="tt">Tatar</lang>
                <lang code="tw">Twi</lang>
                <lang code="ty">Tahitian</lang>
                <lang code="ug">Uighur; Uyghur</lang>
                <lang code="uk">Ukrainian</lang>
                <lang code="ur">Urdu</lang>
                <lang code="uz">Uzbek</lang>
                <lang code="ve">Venda</lang>
                <lang code="vi">Vietnamese</lang>
                <lang code="vo">Volapük</lang>
                <lang code="wa">Walloon</lang>
                <lang code="wo">Wolof</lang>
                <lang code="xh">Xhosa</lang>
                <lang code="yi">Yiddish</lang>
                <lang code="yo">Yoruba</lang>
                <lang code="za">Zhuang; Chuang</lang>
                <lang code="zh">Chinese</lang>
                <lang code="zu">Zulu</lang>
            </ISO_639-1>
        
        
            <!--  
                ISO 639-1 (alpha-2) uses 2 car codes.
                
                The list is ordered for the European Commission needs. 
            -->
            <ISO_639-1_EU-Order>
                <lang code="bg">Bulgarian</lang>
                <lang code="cs">Czech</lang>
                <lang code="da">Danish</lang>
                <lang code="de">German</lang>
                <lang code="et">Estonian</lang>
                <lang code="el">Greek</lang>
                <lang code="en" default="true">English</lang>
                <lang code="es">Spanish</lang>
                <lang code="fr">French</lang>
                <lang code="ga">Irish</lang>
                <lang code="it">Italian</lang>
                <lang code="lv">Latvian</lang>
                <lang code="lt">Lithuanian</lang>
                <lang code="hu">Hungarian</lang>
                <lang code="mt">Maltese</lang>
                <lang code="nl">Dutch</lang>
                <lang code="pl">Polish</lang>
                <lang code="pt">Portuguese</lang>
                <lang code="ro">Romanian</lang>
                <lang code="sk">Slovak</lang>
                <lang code="sl">Slovenian</lang>
                <lang code="fi">Finnish</lang>
                <lang code="sv">Swedish</lang>
                <lang code="hr">Croatian</lang>
                <lang code="tr">Turkish</lang>
                <lang code="aa">Afar</lang>
                <lang code="ab">Abkhazian</lang>
                <lang code="af">Afrikaans</lang>
                <lang code="ak">Akan</lang>
                <lang code="sq">Albanian</lang>
                <lang code="am">Amharic</lang>
                <lang code="ar">Arabic</lang>
                <lang code="an">Aragonese</lang>
                <lang code="hy">Armenian</lang>
                <lang code="as">Assamese</lang>
                <lang code="av">Avaric</lang>
                <lang code="ae">Avestan</lang>
                <lang code="ay">Aymara</lang>
                <lang code="az">Azerbaijani</lang>
                <lang code="ba">Bashkir</lang>
                <lang code="bm">Bambara</lang>
                <lang code="eu">Basque</lang>
                <lang code="be">Belarusian</lang>
                <lang code="bn">Bengali</lang>
                <lang code="bh">Bihari</lang>
                <lang code="bi">Bislama</lang>
                <lang code="bs">Bosnian</lang>
                <lang code="br">Breton</lang>
                <lang code="my">Burmese</lang>
                <lang code="ca">Catalan; Valencian</lang>
                <lang code="ch">Chamorro</lang>
                <lang code="ce">Chechen</lang>
                <lang code="zh">Chinese</lang>
                <lang code="cu">Slavic</lang>
                <lang code="cv">Chuvash</lang>
                <lang code="kw">Cornish</lang>
                <lang code="co">Corsican</lang>
                <lang code="cr">Cree</lang>
                <lang code="dv">Divehi; Dhivehi; Maldivian</lang>
                <lang code="dz">Dzongkha</lang>
                <lang code="eo">Esperanto</lang>
                <lang code="ee">Ewe</lang>
                <lang code="fo">Faroese</lang>
                <lang code="fj">Fijian</lang>
                <lang code="fy">Western Frisian</lang>
                <lang code="ff">Fulah</lang>
                <lang code="ka">Georgian</lang>
                <lang code="gd">Gaelic</lang>
                <lang code="gl">Galician</lang>
                <lang code="gv">Manx</lang>
                <lang code="gn">Guarani</lang>
                <lang code="gu">Gujarati</lang>
                <lang code="ht">Haitian</lang>
                <lang code="ha">Hausa</lang>
                <lang code="he">Hebrew</lang>
                <lang code="hz">Herero</lang>
                <lang code="hi">Hindi</lang>
                <lang code="ho">Hiri Motu</lang>
                <lang code="ig">Igbo</lang>
                <lang code="is">Icelandic</lang>
                <lang code="io">Ido</lang>
                <lang code="ii">Sichuan Yi</lang>
                <lang code="iu">Inuktitut</lang>
                <lang code="ie">Interlingue</lang>
                <lang code="ia">Interlingua</lang>
                <lang code="id">Indonesian</lang>
                <lang code="ik">Inupiaq</lang>
                <lang code="jv">Javanese</lang>
                <lang code="ja">Japanese</lang>
                <lang code="kl">Kalaallisut; Greenlandic</lang>
                <lang code="kn">Kannada</lang>
                <lang code="ks">Kashmiri</lang>
                <lang code="kr">Kanuri</lang>
                <lang code="kk">Kazakh</lang>
                <lang code="km">Khmer</lang>
                <lang code="ki">Kikuyu; Gikuyu</lang>
                <lang code="rw">Kinyarwanda</lang>
                <lang code="ky">Kirghiz</lang>
                <lang code="kv">Komi</lang>
                <lang code="kg">Kongo</lang>
                <lang code="ko">Korean</lang>
                <lang code="kj">Kuanyama; Kwanyama</lang>
                <lang code="ku">Kurdish</lang>
                <lang code="lo">Lao</lang>
                <lang code="la">Latin</lang>
                <lang code="li">Limburgan; Limburger; Limburgish</lang>
                <lang code="ln">Lingala</lang>
                <lang code="lb">Luxembourgish; Letzeburgesch</lang>
                <lang code="lu">Luba-Katanga</lang>
                <lang code="lg">Ganda</lang>
                <lang code="mk">Macedonian</lang>
                <lang code="mh">Marshallese</lang>
                <lang code="ml">Malayalam</lang>
                <lang code="mi">Maori</lang>
                <lang code="mr">Marathi</lang>
                <lang code="ms">Malay</lang>
                <lang code="mg">Malagasy</lang>
                <lang code="mo">Moldavian</lang>
                <lang code="mn">Mongolian</lang>
                <lang code="na">Nauru</lang>
                <lang code="nv">Navajo; Navaho</lang>
                <lang code="nr">South Ndebele</lang>
                <lang code="nd">North Ndebele</lang>
                <lang code="ng">Ndonga</lang>
                <lang code="ne">Nepali</lang>
                <lang code="nn">Norwegian Nynorsk</lang>
                <lang code="nb">Norvégien Bokmål</lang>
                <lang code="no">Norwegian</lang>
                <lang code="ny">Chichewa; Chewa; Nyanja</lang>
                <lang code="oc">Occitan (post 1500); Provençal</lang>
                <lang code="oj">Ojibwa</lang>
                <lang code="or">Oriya</lang>
                <lang code="om">Oromo</lang>
                <lang code="os">Ossetian; Ossetic</lang>
                <lang code="pa">Panjabi; Punjabi</lang>
                <lang code="fa">Persian</lang>
                <lang code="pi">Pali</lang>
                <lang code="ps">Pushto</lang>
                <lang code="qu">Quechua</lang>
                <lang code="rm">Raeto-Romance</lang>
                <lang code="rn">Rundi</lang>
                <lang code="ru">Russian</lang>
                <lang code="sg">Sango</lang>
                <lang code="sa">Sanskrit</lang>
                <lang code="sr">Serbian</lang>
                <lang code="si">Sinhala; Sinhalese</lang>
                <lang code="se">Northern Sami</lang>
                <lang code="sm">Samoan</lang>
                <lang code="sn">Shona</lang>
                <lang code="sd">Sindhi</lang>
                <lang code="so">Somali</lang>
                <lang code="st">Sotho, Southern</lang>
                <lang code="sc">Sardinian</lang>
                <lang code="ss">Swati</lang>
                <lang code="su">Sundanese</lang>
                <lang code="sw">Swahili</lang>
                <lang code="ty">Tahitian</lang>
                <lang code="ta">Tamil</lang>
                <lang code="tt">Tatar</lang>
                <lang code="te">Telugu</lang>
                <lang code="tg">Tajik</lang>
                <lang code="tl">Tagalog</lang>
                <lang code="th">Thai</lang>
                <lang code="bo">Tibetan</lang>
                <lang code="ti">Tigrinya</lang>
                <lang code="to">Tonga (Tonga Islands)</lang>
                <lang code="tn">Tswana</lang>
                <lang code="ts">Tsonga</lang>
                <lang code="tk">Turkmen</lang>
                <lang code="tr">Turkish</lang>
                <lang code="tw">Twi</lang>
                <lang code="ug">Uighur; Uyghur</lang>
                <lang code="uk">Ukrainian</lang>
                <lang code="ur">Urdu</lang>
                <lang code="uz">Uzbek</lang>
                <lang code="ve">Venda</lang>
                <lang code="vi">Vietnamese</lang>
                <lang code="vo">Volapük</lang>
                <lang code="cy">Welsh</lang>
                <lang code="wa">Walloon</lang>
                <lang code="wo">Wolof</lang>
                <lang code="xh">Xhosa</lang>
                <lang code="yi">Yiddish</lang>
                <lang code="yo">Yoruba</lang>
                <lang code="za">Zhuang; Chuang</lang>
                <lang code="zu">Zulu</lang>
            </ISO_639-1_EU-Order>
    </config>
</alfresco-config>


