<?xml version='1.0' encoding='UTF-8'?>
<!DOCTYPE beans PUBLIC '-//SPRING//DTD BEAN//EN' 'http://www.springframework.org/dtd/spring-beans.dtd'>
<beans>

   <!-- JMX bean (in addition to sub system properties) -->
   <bean id="transformerConfigMBean" class="org.alfresco.repo.content.transform.TransformerConfigMBeanImpl" >
      <property name="transformerDebug">
         <ref bean="transformerDebug" />
      </property>
      <property name="mimetypeService">
         <ref bean="mimetypeService" />
      </property>
      <property name="transformerLog">
         <ref bean="transformerLog" />
      </property>
      <property name="transformerDebugLog">
         <ref bean="transformerDebugLog" />
      </property>
   </bean>
   
   <!-- Logger for transformer debug that may be accessed via JMX -->
   <bean id="transformerDebugLog" class="org.alfresco.repo.content.transform.TransformerDebugLog" >
      <property name="transformerDebug" ref="transformerDebug" />
      <property name="properties" ref="global-properties" />
   </bean>
   
   <!-- Logger for transformer log that may be accessed via JMX -->
   <bean id="transformerLog" class="org.alfresco.repo.content.transform.TransformerLog" >
      <property name="transformerDebug" ref="transformerDebug" />
      <property name="properties" ref="global-properties" />
   </bean>
   
</beans>