<?xml version="1.0" encoding="UTF-8" ?>

<!DOCTYPE mapper PUBLIC "-//mybatis.org//DTD Mapper 3.0//EN" "http://mybatis.org/dtd/mybatis-3-mapper.dtd">

<mapper namespace="alfresco.audit.insert">

    <insert id="insert_AuditModel" parameterType="AuditModel" >
        
        <selectKey resultType="long" keyProperty="id" order="BEFORE" >
            select nextVal('alf_audit_model_seq')
        </selectKey>
        
        <include refid="alfresco.audit.insert_AuditModel_Sequence"/>
        
    </insert>
    
    <insert id="insert_AuditApplication" parameterType="AuditApplication" >
        
        <selectKey resultType="long" keyProperty="id" order="BEFORE" >
            select nextVal('alf_audit_app_seq')
        </selectKey>
        
        <include refid="alfresco.audit.insert_AuditApplication_Sequence"/>
        
    </insert>
    
    <insert id="insert_AuditEntry" parameterType="AuditEntry" >
        
        <selectKey resultType="long" keyProperty="id" order="BEFORE" >
            select nextVal('alf_audit_entry_seq')
        </selectKey>
        
        <include refid="alfresco.audit.insert_AuditEntry_Sequence"/>
        
    </insert>
    
</mapper>