<?xml version="1.0" encoding="UTF-8"?>

<!-- Reset Password Workflow Model -->

<model name="resetpasswordwf:reset-password-workflow-model" xmlns="http://www.alfresco.org/model/dictionary/1.0">

    <imports>
        <import uri="http://www.alfresco.org/model/dictionary/1.0" prefix="d" />
        <import uri="http://www.alfresco.org/model/bpm/1.0" prefix="bpm" />
    </imports>

    <namespaces>
        <namespace uri="http://www.alfresco.org/model/workflow/resetpassword/1.0" prefix="resetpasswordwf" />
    </namespaces>

    <types>
        <type name="resetpasswordwf:requestPasswordResetTask">
            <parent>bpm:startTask</parent>
            <mandatory-aspects>
                <aspect>resetpasswordwf:resetPasswordInitialProperties</aspect>
            </mandatory-aspects>
        </type>

        <type name="resetpasswordwf:sendResetPasswordEmailTask">
            <parent>bpm:workflowTask</parent>
            <mandatory-aspects>
                <aspect>resetpasswordwf:resetPasswordInitialProperties</aspect>
            </mandatory-aspects>
        </type>

        <type name="resetpasswordwf:resetPasswordTask">
            <parent>bpm:workflowTask</parent>
            <mandatory-aspects>
                <aspect>resetpasswordwf:resetPasswordInitialProperties</aspect>
            </mandatory-aspects>
        </type>

        <type name="resetpasswordwf:performResetPassword">
            <parent>bpm:workflowTask</parent>
            <mandatory-aspects>
                <aspect>resetpasswordwf:resetPasswordInitialProperties</aspect>
            </mandatory-aspects>
        </type>

        <type name="resetpasswordwf:sendResetPasswordConfirmationEmailTask">
            <parent>bpm:workflowTask</parent>
            <mandatory-aspects>
                <aspect>resetpasswordwf:resetPasswordInitialProperties</aspect>
            </mandatory-aspects>
        </type>
    </types>

    <aspects>
        <aspect name="resetpasswordwf:resetPasswordInitialProperties">
            <properties>
                <property name="resetpasswordwf:userName">
                    <type>d:text</type>
                </property>
                <property name="resetpasswordwf:userEmail">
                    <type>d:text</type>
                </property>
                <property name="resetpasswordwf:key">
                    <type>d:text</type>
                </property>
                <property name="resetpasswordwf:clientName">
                    <type>d:text</type>
                </property>
            </properties>
        </aspect>
    </aspects>
</model>