<?xml version="1.0" encoding="UTF-8" ?>

<definitions xmlns="http://www.omg.org/spec/BPMN/20100524/MODEL"
             xmlns:xsi="http://www.w3.org/2001/XMLSchema-instance"
             xmlns:activiti="http://activiti.org/bpmn"
             xmlns:bpmndi="http://www.omg.org/spec/BPMN/20100524/DI"
             typeLanguage="http://www.w3.org/2001/XMLSchema"
             targetNamespace="http://alfresco.org/workflows/internal">

    <process isExecutable="true" id="resetPassword" name="On Premise Reset Password process">

        <startEvent id="start" activiti:formKey="resetpasswordwf:requestPasswordResetTask"/>

        <sequenceFlow id="flow1" sourceRef="start" targetRef="sendResetPasswordEmailTask"/>

        <serviceTask id="sendResetPasswordEmailTask" name="Send Reset Password Email" activiti:delegateExpression="${SendResetPasswordEmailDelegate}"
                     activiti:formKey="resetpasswordwf:sendResetPasswordEmailTask"/>

        <sequenceFlow id="flow2" sourceRef="sendResetPasswordEmailTask" targetRef="resetPasswordTask"/>

        <!-- The password reset has been requested and is now waiting for the user to complete by clicking on the link in the email. -->
        <!-- Note that we do not store the password as an execution variable for security reasons. -->
        <userTask id="resetPasswordTask" name="Password Reset Pending" activiti:formKey="resetpasswordwf:resetPasswordTask"/>

        <!-- After 'system.reset-password.endTimer' of waiting for user to reset password, end the process -->
        <boundaryEvent id="endProcessTimer" cancelActivity="true" attachedToRef="resetPasswordTask">
            <timerEventDefinition>
                <timeDuration>${resetpasswordwf_endTimer}</timeDuration>
            </timerEventDefinition>
        </boundaryEvent>
        <sequenceFlow id="flow3" sourceRef="endProcessTimer" targetRef="expired"/>

        <sequenceFlow id="flow4" sourceRef="resetPasswordTask" targetRef="performResetPassword"/>

        <!-- The user has submitted the necessary data to reset the password. -->
        <serviceTask id="performResetPassword" name="Perform Reset Password" activiti:delegateExpression="${PerformResetPasswordDelegate}"
                     activiti:formKey="resetpasswordwf:passwordReset"/>

        <sequenceFlow id="flow5" sourceRef="performResetPassword" targetRef="sendResetPasswordConfirmationEmailTask"/>

        <serviceTask id="sendResetPasswordConfirmationEmailTask" name="Send Reset Password Confirmation Email" activiti:delegateExpression="${SendResetPasswordConfirmationEmailDelegate}"
                     activiti:formKey="resetpasswordwf:sendResetPasswordConfirmationEmailTask"/>

        <sequenceFlow id="flow6" sourceRef="sendResetPasswordConfirmationEmailTask" targetRef="end"/>

        <endEvent id="end"/>
        <endEvent id="expired"/>
    </process>

</definitions>
