[
  {
    "name": "Portable Document Format",
    "extension": "pdf",
    "mediaType": "application/pdf",
    "storePropertiesByFamily": {
      "DRAWING": {"FilterName": "draw_pdf_Export"},
      "SPREADSHEET": {"FilterName": "calc_pdf_Export"},
      "PRESENTATION": {"FilterName": "impress_pdf_Export"},
      "TEXT": {"FilterName": "writer_pdf_Export"}
    }
  },
  {
    "name": "Macromedia Flash",
    "extension": "swf",
    "mediaType": "application/x-shockwave-flash",
    "storePropertiesByFamily": {
      "DRAWING": {"FilterName": "draw_flash_Export"},
      "PRESENTATION": {"FilterName": "impress_flash_Export"}
    }
  },
  {
    "name": "HTML",
    "extension": "html",
    "mediaType": "text/html",
    "inputFamily": "TEXT",
    "storePropertiesByFamily": {
      "SPREADSHEET": {"FilterName": "HTML (StarCalc)"},
      "PRESENTATION": {"FilterName": "impress_html_Export"},
      "TEXT": {"FilterName": "HTML (StarWriter)"}
    }
  },
  {
    "name": "OpenDocument Text",
    "extension": "odt",
    "mediaType": "application/vnd.oasis.opendocument.text",
    "inputFamily": "TEXT",
    "storePropertiesByFamily": {"TEXT": {"FilterName": "writer8"}}
  },
  {
    "name": "OpenDocument Text Template",
    "extension": "ott",
    "mediaType": "application/vnd.oasis.opendocument.text-template",
    "inputFamily": "TEXT",
    "storePropertiesByFamily": {"TEXT": {"FilterName": "writer8"}}
  },
  {
    "name": "OpenOffice.org 1.0 Text Document",
    "extension": "sxw",
    "mediaType": "application/vnd.sun.xml.writer",
    "inputFamily": "TEXT",
    "storePropertiesByFamily": {"TEXT": {"FilterName": "StarOffice XML (Writer)"}}
  },
  {
    "name": "OpenOffice.org 1.0 Text Document Template",
    "extension": "stw",
    "mediaType": "application/vnd.sun.xml.writer.template",
    "inputFamily": "TEXT",
    "storePropertiesByFamily": {"TEXT": {"FilterName": "StarOffice XML (Writer)"}}
  },
  {
    "name": "Microsoft Word",
    "extension": "doc",
    "mediaType": "application/msword",
    "inputFamily": "TEXT",
    "storePropertiesByFamily": {"TEXT": {"FilterName": "MS Word 97"}}
  },
  {
    "name": "Microsoft Word 2007 XML",
    "extension": "docx",
    "mediaType": "application/vnd.openxmlformats-officedocument.wordprocessingml.document",
    "inputFamily": "TEXT",
    "storePropertiesByFamily": {"TEXT": {"FilterName": "MS Word 2007"}}
  },
  {
    "name": "Microsoft Word 2007 macro-enabled document",
    "extension": "docm",
    "mediaType": "application/vnd.ms-word.document.macroEnabled.12",
    "inputFamily": "TEXT",
    "storePropertiesByFamily": {"TEXT": {"FilterName": "MS Word 2007"}}
  },
  {
    "name": "Microsoft Word template 2007",
    "extension": "dotx",
    "mediaType": "application/vnd.openxmlformats-officedocument.wordprocessingml.template",
    "inputFamily": "TEXT",
    "storePropertiesByFamily": {"TEXT": {"FilterName": "MS Word 2007"}}
  },
  {
    "name": "Microsoft Word 2007 macro-enabled document template",
    "extension": "dotm",
    "mediaType": "application/vnd.ms-word.template.macroEnabled.12",
    "inputFamily": "TEXT",
    "storePropertiesByFamily": {"TEXT": {"FilterName": "MS Word 2007"}}
  },
  {
    "name": "WordPerfect",
    "extension": "wpd",
    "mediaType": "application/wordperfect",
    "inputFamily": "TEXT",
    "storePropertiesByFamily": {"TEXT": {"FilterName": "WordPerfect"}}
  },
  {
    "name": "Rich Text Format",
    "extension": "rtf",
    "mediaType": "text/rtf",
    "inputFamily": "TEXT",
    "storePropertiesByFamily": {"TEXT": {"FilterName": "Rich Text Format"}}
  },
  {
    "name": "Plain Text",
    "extension": "txt",
    "mediaType": "text/plain",
    "inputFamily": "TEXT",
    "loadProperties": {
      "FilterName": "Text (encoded)",
      "FilterOptions": "utf8"
    },
    "storePropertiesByFamily": {"TEXT": {
      "FilterName": "Text (encoded)",
      "FilterOptions": "utf8"
    }}
  },
  {
    "name": "MediaWiki wikitext",
    "extension": "wiki",
    "mediaType": "text/x-wiki",
    "storePropertiesByFamily": {"TEXT": {"FilterName": "MediaWiki"}}
  },
  {
    "name": "OpenDocument Spreadsheet",
    "extension": "ods",
    "mediaType": "application/vnd.oasis.opendocument.spreadsheet",
    "inputFamily": "SPREADSHEET",
    "storePropertiesByFamily": {"SPREADSHEET": {"FilterName": "calc8"}}
  },
  {
    "name": "OpenDocument Spreadsheet Template",
    "extension": "ots",
    "mediaType": "application/vnd.oasis.opendocument.spreadsheet-template",
    "inputFamily": "SPREADSHEET",
    "storePropertiesByFamily": {"SPREADSHEET": {"FilterName": "calc8"}}
  },
  {
    "name": "OpenOffice.org 1.0 Spreadsheet",
    "extension": "sxc",
    "mediaType": "application/vnd.sun.xml.calc",
    "inputFamily": "SPREADSHEET",
    "storePropertiesByFamily": {"SPREADSHEET": {"FilterName": "StarOffice XML (Calc)"}}
  },
  {
    "name": "OpenOffice.org 1.0 Spreadsheet Template",
    "extension": "stc",
    "mediaType": "application/vnd.sun.xml.calc.template",
    "inputFamily": "SPREADSHEET",
    "storePropertiesByFamily": {"SPREADSHEET": {"FilterName": "StarOffice XML (Calc)"}}
  },
  {
    "name": "Microsoft Excel",
    "extension": "xls",
    "mediaType": "application/vnd.ms-excel",
    "inputFamily": "SPREADSHEET",
    "storePropertiesByFamily": {"SPREADSHEET": {"FilterName": "MS Excel 97"}}
  },
  {
    "name": "Microsoft Excel 2007 XML",
    "extension": "xlsx",
    "mediaType": "application/vnd.openxmlformats-officedocument.spreadsheetml.sheet",
    "inputFamily": "SPREADSHEET",
    "storePropertiesByFamily": {"SPREADSHEET": {"FilterName": "MS Excel 2007"}}
  },
  {
    "name": "Microsoft Excel template 2007",
    "extension": "xltx",
    "mediaType": "application/vnd.openxmlformats-officedocument.spreadsheetml.template",
    "inputFamily": "SPREADSHEET",
    "storePropertiesByFamily": {"SPREADSHEET": {"FilterName": "MS Excel 2007"}}
  },
  {
    "name": "Microsoft Excel 2007 macro-enabled workbook",
    "extension": "xlsm",
    "mediaType": "application/vnd.ms-excel.sheet.macroEnabled.12",
    "inputFamily": "SPREADSHEET",
    "storePropertiesByFamily": {"SPREADSHEET": {"FilterName": "MS Excel 2007"}}
  },
  {
    "name": "Microsoft Excel 2007 macro-enabled workbook template",
    "extension": "application/vnd.ms-excel.template.macroEnabled.12",
    "mediaType": "xltm",
    "inputFamily": "SPREADSHEET",
    "storePropertiesByFamily": {"SPREADSHEET": {"FilterName": "MS Excel 2007"}}
  },
  {
    "name": "Microsoft Excel 2007 binary workbook",
    "extension": "xlsb",
    "mediaType": "application/vnd.ms-excel.sheet.binary.macroEnabled.12",
    "inputFamily": "SPREADSHEET",
    "storePropertiesByFamily": {"SPREADSHEET": {"FilterName": "MS Excel 2007"}}
  },
  {
    "name": "Comma Separated Values",
    "extension": "csv",
    "mediaType": "text/csv",
    "inputFamily": "SPREADSHEET",
    "loadProperties": {
      "FilterName": "Text - txt - csv (StarCalc)",
      "FilterOptions": "44,34,0"
    },
    "storePropertiesByFamily": {"SPREADSHEET": {
      "FilterName": "Text - txt - csv (StarCalc)",
      "FilterOptions": "44,34,0"
    }}
  },
  {
    "name": "Tab Separated Values",
    "extension": "tsv",
    "mediaType": "text/tab-separated-values",
    "inputFamily": "SPREADSHEET",
    "loadProperties": {
      "FilterName": "Text - txt - csv (StarCalc)",
      "FilterOptions": "9,34,0"
    },
    "storePropertiesByFamily": {"SPREADSHEET": {
      "FilterName": "Text - txt - csv (StarCalc)",
      "FilterOptions": "9,34,0"
    }}
  },
  {
    "name": "OpenDocument Presentation",
    "extension": "odp",
    "mediaType": "application/vnd.oasis.opendocument.presentation",
    "inputFamily": "PRESENTATION",
    "storePropertiesByFamily": {"PRESENTATION": {"FilterName": "impress8"}}
  },
  {
    "name": "OpenDocument Presentation Template",
    "extension": "otp",
    "mediaType": "application/vnd.oasis.opendocument.presentation-template",
    "inputFamily": "PRESENTATION",
    "storePropertiesByFamily": {"PRESENTATION": {"FilterName": "impress8"}}
  },
  {
    "name": "OpenOffice.org 1.0 Presentation",
    "extension": "sxi",
    "mediaType": "application/vnd.sun.xml.impress",
    "inputFamily": "PRESENTATION",
    "storePropertiesByFamily": {"PRESENTATION": {"FilterName": "StarOffice XML (Impress)"}}
  },
  {
    "name": "OpenOffice.org 1.0 Presentation Template",
    "extension": "sti",
    "mediaType": "application/vnd.sun.xml.impress.template",
    "inputFamily": "PRESENTATION",
    "storePropertiesByFamily": {"PRESENTATION": {"FilterName": "StarOffice XML (Impress)"}}
  },
  {
    "name": "Microsoft PowerPoint",
    "extension": "ppt",
    "mediaType": "application/vnd.ms-powerpoint",
    "inputFamily": "PRESENTATION",
    "storePropertiesByFamily": {"PRESENTATION": {"FilterName": "MS PowerPoint 97"}}
  },
  {
    "name": "Microsoft PowerPoint 2007 XML",
    "extension": "pptx",
    "mediaType": "application/vnd.openxmlformats-officedocument.presentationml.presentation",
    "inputFamily": "PRESENTATION",
    "storePropertiesByFamily": {"PRESENTATION": {"FilterName": "MS PowerPoint 2007"}}
  },
  {
    "name": "Microsoft owerPoint 2007 macro-enabled presentation",
    "extension": "pptm",
    "mediaType": "application/vnd.ms-powerpoint.presentation.macroEnabled.12",
    "inputFamily": "PRESENTATION",
    "storePropertiesByFamily": {"PRESENTATION": {"FilterName": "MS PowerPoint 2007"}}
  },
  {
    "name": "Microsoft PowerPoint 2007 template",
    "extension": "potx",
    "mediaType": "application/vnd.openxmlformats-officedocument.presentationml.template",
    "inputFamily": "PRESENTATION",
    "storePropertiesByFamily": {"PRESENTATION": {"FilterName": "MS PowerPoint 2007"}}
  },
  {
    "name": "Microsoft PowerPoint 2007 macro-enabled presentation template",
    "extension": "potm",
    "mediaType": "application/vnd.ms-powerpoint.template.macroEnabled.12",
    "inputFamily": "PRESENTATION",
    "storePropertiesByFamily": {"PRESENTATION": {"FilterName": "MS PowerPoint 2007"}}
  },
  {
    "name": "Microsoft PowerPoint 2007 add-in",
    "extension": "ppam",
    "mediaType": "application/vnd.ms-powerpoint.addin.macroEnabled.12",
    "inputFamily": "PRESENTATION",
    "storePropertiesByFamily": {"PRESENTATION": {"FilterName": "MS PowerPoint 2007"}}
  },
  {
    "name": "Microsoft PowerPoint 2007 slide",
    "extension": "sldx",
    "mediaType": "application/vnd.openxmlformats-officedocument.presentationml.slide",
    "inputFamily": "PRESENTATION",
    "storePropertiesByFamily": {"PRESENTATION": {"FilterName": "MS PowerPoint 2007"}}
  },
  {
    "name": "Microsoft PowerPoint 2007 macro-enabled slide",
    "extension": "sldm",
    "mediaType": "application/vnd.ms-powerpoint.slideshow.macroEnabled.12",
    "inputFamily": "PRESENTATION",
    "storePropertiesByFamily": {"PRESENTATION": {"FilterName": "MS PowerPoint 2007"}}
  },
  {
    "name": "Microsoft Visio",
    "extension": "vsd",
    "mediaType": "application/vnd.visio",
    "inputFamily": "DRAWING",
    "storePropertiesByFamily": {"DRAWING": {"FilterName": "MS Visio"}}
  },
  {
    "name": "Microsoft Visio 2013",
    "extension": "vsdx",
    "mediaType": "application/vnd.visio2013",
    "inputFamily": "DRAWING",
    "storePropertiesByFamily": {"DRAWING": {"FilterName": "MS Visio 2013"}}
  },
  {
    "name": "OpenDocument Drawing",
    "extension": "odg",
    "mediaType": "application/vnd.oasis.opendocument.graphics",
    "inputFamily": "DRAWING",
    "storePropertiesByFamily": {"DRAWING": {"FilterName": "draw8"}}
  },
  {
    "name": "Scalable Vector Graphics",
    "extension": "svg",
    "mediaType": "image/svg+xml",
    "storePropertiesByFamily": {"DRAWING": {"FilterName": "draw_svg_Export"}}
  }
]
