<?xml version='1.0' encoding='UTF-8'?>
<!--
    Repository Bootstrap Sequence.

    This file specifies the initialisation (and order of initialisation) to perform during Repository startup.

    The pattern for adding new initialisation to the bootstrap sequence is as follows:

    1) Develop a bean that extends the Spring Surf class AbstractLifecycleBean
    2) Place the initialisation logic in the method onBootstrap(ApplicationEvent event)...

       public void onBootstrap(ApplicationEvent event)
       {
          // initialisation logic here
       }
    3) Place the shutdown logic (if any) in the method onShutdown(ApplicationEvent event)...

       public void onShutdown(ApplicationEvent event)
       {
          // cleanup logic here
       }

    4) Add the bean definition to this file - Note: the beans are initialised in the order they are specified.
-->

<beans xmlns="http://www.springframework.org/schema/beans"
       xmlns:xsi="http://www.w3.org/2001/XMLSchema-instance"
       xsi:schemaLocation="http://www.springframework.org/schema/beans
        http://www.springframework.org/schema/beans/spring-beans.xsd">

    <!--
    The Shutdown Backstop Bean is a special bean which is used to terminate Alfresco if its
    normal shutdown does not complete in a reasonable time - it needs to go first so it can
    terminate any of the following beans if they misbehave.
    -->
    <bean id="shutdownBackstop" class="org.alfresco.repo.shutdown.ShutdownBackstop">
       <property name="timeout">
            <value>${shutdown.backstop.timeout}</value>
       </property>
       <property name="enabled">
          <value>${shutdown.backstop.enabled}</value>
       </property>
    </bean>

    <bean id="repositoryStartBootstrapBean" class="org.alfresco.repo.admin.RepositoryStartBootstrapBean" >
       <property name="repositoryState">
          <ref bean="repositoryState"/>
       </property>
    </bean>


    <bean id="databaseMetaDataHelper" class="org.alfresco.util.DatabaseMetaDataHelper">
    </bean>

    <!-- ensure that the schema is bootstrapped -->
    <bean id="schemaBootstrap" class="org.alfresco.repo.domain.schema.SchemaBootstrap" >
       <property name="dataSource">
          <ref bean="dataSource"/>
       </property>
       <property name="databaseMetaDataHelper">
          <ref bean="databaseMetaDataHelper" />
       </property>
       <property name="appliedPatchDAO">
          <ref bean="appliedPatchDAO"/>
       </property>
       <property name="descriptorService">
          <ref bean="descriptorComponent"/>
       </property>
       <property name="dialect">
          <ref bean="dialect" />
       </property>
       <property name="maximumStringLength">
          <value>${system.maximumStringLength}</value>
       </property>
       <property name="dbSchemaName">
          <value>${db.schema.name}</value>
       </property>
       <property name="updateSchema">
          <value>${db.schema.update}</value>
       </property>
       <property name="stopAfterSchemaBootstrap">
          <value>${db.schema.stopAfterSchemaBootstrap}</value>
       </property>
       <property name="schemaUpdateLockRetryCount">
          <value>${db.schema.update.lockRetryCount}</value>
       </property>
       <property name="schemaUpdateLockRetryWaitSeconds">
          <value>${db.schema.update.lockRetryWaitSeconds}</value>
       </property>
       <property name="globalProperties">
          <ref bean="global-properties" />
       </property>
       <property name="schemaReferenceUrls">
          <list>
             <value>classpath:alfresco/dbscripts/create/${db.script.dialect}/Schema-Reference-ALF.xml</value>
             <value>classpath:alfresco/dbscripts/create/${db.script.dialect}/Schema-Reference-ACT.xml</value>
          </list>
       </property>
       <property name="differenceHelper">
          <ref bean="differenceHelper" />
       </property>
    </bean>

    <bean id="differenceHelper" class="org.alfresco.util.schemacomp.SchemaDifferenceHelper">
        <constructor-arg ref="dialect"/>
        <constructor-arg ref="patchComponent"/>
    </bean>

    <bean id="encryptionChecker" class="org.alfresco.encryption.EncryptionChecker">
       <property name="transactionService" ref="transactionService"/>
       <property name="keyStoreChecker" ref="keyStoreChecker"/>
    </bean>

    <bean id="bootstrapReEncryptor" class="org.alfresco.encryption.BootstrapReEncryptor">
        <property name="enabled" value="${encryption.bootstrap.reencrypt}"/>
        <property name="reEncryptor" ref="reEncryptor"/>
    </bean>

    <!-- Bootstrap Data: Concrete instances for the basic Alfresco bootstrap -->
    <bean id="systemInfoBootstrap" parent="systemInfoBootstrap-base"/>
    <bean id="userBootstrap" parent="userBootstrap-base"/>
    <bean id="systemBootstrap" parent="systemBootstrap-base"/>
    <bean id="versionBootstrap" parent="versionBootstrap-base"/>
    <bean id="version2Bootstrap" parent="version2Bootstrap-base"/>
    <bean id="spacesArchiveBootstrap" parent="spacesArchiveBootstrap-base"/>
    <!--
        NOOP for fresh bootstrap (will skip store creation) - provides ordering when performing a repo restore (bootstrap import)
    -->
    <bean id="spacesModelsBootstrap" parent="storeImporter"/>
    <bean id="spacesBootstrap" parent="spacesBootstrap-base"/>

    <!--
        NOOP for fresh bootstrap - provides ordering for site imports which occur via bootstrap context extensions
    -->
    <bean id="siteLoadBootstrap-Spaces" parent="spacesStoreImporter"/>
    <bean id="siteLoadBootstrap-Users" parent="userStoreImporter"/>

   <!-- Descriptor Service -->
   <bean id="descriptorComponent" class="org.alfresco.repo.descriptor.DescriptorServiceImpl">
      <property name="serverDescriptorDAO">
         <ref bean="serverDescriptorDAO"/>
      </property>
      <property name="currentRepoDescriptorDAO">
         <ref bean="currentRepoDescriptorDAO"/>
      </property>
      <property name="installedRepoDescriptorDAO">
         <ref bean="installedRepoDescriptorDAO"/>
      </property>
      <property name="transactionService">
         <ref bean="transactionService"/>
      </property>
      <property name="hbDataCollectorService">
         <ref bean="hbDataCollectorService"/>
      </property>
      <property name="repoUsageComponent" ref="repoUsageComponent"/>
   </bean>

    <bean id="workflowBootstrap" parent="workflowDeployer">
        <property name="workflowDefinitions">
            <list>
                <!-- Activiti Adhoc workflow definition -->
                <props>
                    <prop key="engineId">activiti</prop>
                    <prop key="location">alfresco/workflow/adhoc.bpmn20.xml</prop>
                    <prop key="mimetype">text/xml</prop>
                    <prop key="redeploy">false</prop>
                </props>

                <!-- Activiti Review workflow definition -->
                <props>
                    <prop key="engineId">activiti</prop>
                    <prop key="location">alfresco/workflow/review.bpmn20.xml</prop>
                    <prop key="mimetype">text/xml</prop>
                    <prop key="redeploy">false</prop>
                </props>

                <!-- Activiti Pooled Review workflow definition -->
                <props>
                    <prop key="engineId">activiti</prop>
                    <prop key="location">alfresco/workflow/review-pooled.bpmn20.xml</prop>
                    <prop key="mimetype">text/xml</prop>
                    <prop key="redeploy">false</prop>
                </props>

                <!-- Activiti Parallel Review workflow definition -->
                <props>
                    <prop key="engineId">activiti</prop>
                    <prop key="location">alfresco/workflow/parallel-review.bpmn20.xml</prop>
                    <prop key="mimetype">text/xml</prop>
                    <prop key="redeploy">false</prop>
                </props>

                <!-- Activiti Parallel Group Review workflow definition -->
                <props>
                    <prop key="engineId">activiti</prop>
                    <prop key="location">alfresco/workflow/parallel-review-group.bpmn20.xml</prop>
                    <prop key="mimetype">text/xml</prop>
                    <prop key="redeploy">false</prop>
                </props>

                <!-- Activiti invitation service workflow definition -->
                <props>
                    <prop key="engineId">activiti</prop>
                    <prop key="location">alfresco/workflow/invitation-moderated.bpmn20.xml</prop>
                    <prop key="mimetype">text/xml</prop>
                    <prop key="redeploy">false</prop>
                </props>

                <!-- Activiti invitation service workflow definition -->
                <props>
                    <prop key="engineId">activiti</prop>
                    <prop key="location">alfresco/workflow/invitation-nominated.bpmn20.xml</prop>
                    <prop key="mimetype">text/xml</prop>
                    <prop key="redeploy">false</prop>
                </props>
                
                <!-- Activiti add site users service workflow definition -->
                <props>
                    <prop key="engineId">activiti</prop>
                    <prop key="location">alfresco/workflow/invitation-add-direct.bpmn20.xml</prop>
                    <prop key="mimetype">text/xml</prop>
                    <prop key="redeploy">false</prop>
                </props>

                <!-- Activiti reset password workflow definition -->
                <props>
                    <prop key="engineId">activiti</prop>
                    <prop key="location">alfresco/workflow/reset-password_processdefinition.bpmn20.xml</prop>
                    <prop key="mimetype">text/xml</prop>
                    <prop key="redeploy">false</prop>
                </props>
            </list>
        </property>
        <property name="models">
            <list>
               <value>alfresco/workflow/workflowModel.xml</value>
               <value>alfresco/workflow/invitation-nominated-workflow-model.xml</value>
               <value>alfresco/workflow/invitation-moderated-workflow-model.xml</value>
               <value>alfresco/workflow/reset-password-workflow-model.xml</value>
            </list>
        </property>
        <property name="labels">
            <list>
               <value>alfresco/workflow/workflow-messages</value>
               <value>alfresco/workflow/invitation-nominated-workflow-messages</value>
               <value>alfresco/workflow/invitation-moderated-workflow-messages</value>
            </list>
        </property>
        <property name="repositoryWorkflowDefsLocations" ref="customWorkflowDefsRepositoryLocation"/>
    </bean>

    <!-- Load models -->
    <bean id="dictionaryRepositoryBootstrap" class="org.alfresco.repo.dictionary.DictionaryRepositoryBootstrap">

      <property name="dictionaryDAO" ref="dictionaryDAO"/>
      <property name="contentService" ref="ContentService"/>
      <property name="transactionService" ref="transactionService"/>
      <property name="namespaceService" ref="namespaceService"/>
      <property name="nodeService" ref="nodeService"/>
      <property name="messageService" ref="messageService"/>
      <property name="tenantAdminService" ref="tenantAdminService"/>
      <property name="policyComponent" ref="policyComponent"/>
      
      <property name="repositoryModelsLocations">
         <list>
            <ref bean="customModelsRepositoryLocation" />
         </list>
      </property>
      
      <property name="repositoryMessagesLocations">
         <list>
            <ref bean="customMessagesRepositoryLocation" />
         </list>
      </property>
      
   </bean>

    <!-- Bootstrap MT (multi-tenancy) if applicable -->
    <bean id="multiTenantBootstrap" class="org.alfresco.repo.tenant.MultiTenantBootstrap" >
        <property name="tenantAdminService" ref="tenantAdminService"/>
        <property name="patchService" ref="PatchService"/>
        <property name="descriptorService" ref="descriptorComponent"/>
    </bean>

    <!-- Bootstrap any extensions -->

    <import resource="classpath*:alfresco/extension/bootstrap/*-context.xml" />

    <bean id="Transformers" class="org.alfresco.repo.management.subsystems.ChildApplicationContextFactory" parent="abstractPropertyBackedBean">
        <property name="saveSetProperty">
            <value>true</value>
        </property>
    </bean>

    <!-- Bootstrap any enterprise contexts -->
    <import resource="classpath*:alfresco/enterprise/bootstrap/*-context.xml" />

    <!-- This component checks the interconnection between the metadata, indexes and content -->
    <bean id="configurationChecker" class="org.alfresco.repo.admin.ConfigurationChecker">
       <property name="strict">
           <value>${system.bootstrap.config_check.strict}</value>
       </property>
       <property name="dirRoot">
           <value>${dir.root}</value>
       </property>
       <!-- helper beans -->
       <property name="transactionService">
           <ref bean="transactionService"/>
       </property>
       <property name="systemBootstrap">
           <ref bean="systemBootstrap"/>
       </property>
       <property name="namespaceService">
           <ref bean="namespaceService"/>
       </property>
       <property name="nodeService">
           <ref bean="nodeService"/>
       </property>
       <property name="searchService">
           <ref bean="searchService"/>
       </property>
       <property name="contentService">
           <ref bean="contentService"/>
       </property>
    </bean>


    <!-- This component ensures that patches get applied on startup -->

    <bean id="patchExecuter" class="org.alfresco.repo.admin.patch.PatchExecuter">
        <property name="patchService">
            <ref bean="PatchService" />
        </property>
    </bean>


    <bean id="metadataQueryIndexesCheck" class="org.alfresco.repo.admin.patch.OptionalPatchApplicationCheckBootstrapBean">
        <property name="patchService">
            <ref bean="PatchService" />
        </property>
        <property name="descriptorService">
            <ref bean="descriptorComponent" />
        </property>
        <property name="patch">
            <ref bean="patch.db-V4.2-metadata-query-indexes" />
        </property>
    </bean>
    
     <bean id="metadataQueryIndexesCheck2" class="org.alfresco.repo.admin.patch.OptionalPatchApplicationCheckBootstrapBean">
        <property name="patchService">
            <ref bean="PatchService" />
        </property>
        <property name="descriptorService">
            <ref bean="descriptorComponent" />
        </property>
        <property name="patch">
            <ref bean="patch.db-V5.1-metadata-query-indexes" />
        </property>
    </bean>

    <!-- Import other Alfresco bootstrap components -->
    <import resource="classpath*:alfresco/alfresco-*-bootstrap-context.xml" />

    <!-- Start module components -->

    <bean id="moduleStarter" class="org.alfresco.repo.module.ModuleStarter">
        <property name="transactionService">
            <ref bean="transactionService" />
        </property>
        <property name="moduleService">
            <ref bean="ModuleService" />
        </property>
    </bean>

    <!--  System Administration Parameters -->
    <bean id="sysAdmin" class="org.alfresco.repo.management.subsystems.ChildApplicationContextFactory" parent="abstractPropertyBackedBean">
        <property name="earlyPropertyCheckers">
            <map>
                <entry key="share.port" value-ref="sharePortEarlyChecker" />
            </map>
        </property>
    </bean>
    <bean id="sharePortEarlyChecker" class="org.alfresco.repo.management.subsystems.PortEarlyPropertyChecker">
        <constructor-arg value="Share" />
        <constructor-arg value="false" />
        <constructor-arg value="false" />
    </bean>    
  
    <!--  File Servers Subsystem -->
    <bean id="fileServers" class="org.alfresco.repo.management.subsystems.ChildApplicationContextFactory" parent="abstractPropertyBackedBean">
        <property name="autoStart">
            <value>true</value>
        </property>
        <property name="compositePropertyTypes">
            <map>
                <entry key="filesystem.acl.global.domainAccessControls">
                    <value>org.alfresco.filesys.config.acl.DomainAccessControlBean</value>
                </entry>
                <entry key="filesystem.acl.global.protocolAccessControls">
                    <value>org.alfresco.filesys.config.acl.ProtocolAccessControlBean</value>
                </entry>
                <entry key="filesystem.acl.global.userAccessControls">
                    <value>org.alfresco.filesys.config.acl.UserAccessControlBean</value>
                </entry>
            </map>
        </property>
        <property name="persister">
        	<bean class="org.alfresco.config.AlfrescoPropertiesPersister"/>
        </property>
        <property name="earlyPropertyCheckers">
            <map>
                <entry key="ftp.port" value-ref="ftpPortEarlyChecker" />
            </map>
        </property>
    </bean>
    <bean id="ftpPortEarlyChecker" class="org.alfresco.repo.management.subsystems.PortEarlyPropertyChecker">
        <constructor-arg value="FTP" />
        <constructor-arg value="false" />
        <constructor-arg value="true" />
    </bean>

   <bean id="fileServerConfiguration" class="org.alfresco.repo.management.subsystems.SubsystemProxyFactory">
      <property name="sourceApplicationContextFactory">
         <ref bean="fileServers" />
      </property>
      <property name="interfaces">
         <list>
            <!--  Allow authentication subsystem to see file server config at runtime -->
            <value>org.alfresco.filesys.ExtendedServerConfigurationAccessor</value>
            <!-- Allow export as MBean -->
            <value>org.alfresco.filesys.FileServerConfigMBean</value>
         </list>
      </property>
   </bean>

   <bean id="contentDiskDriver" class="org.alfresco.repo.management.subsystems.SubsystemProxyFactory">
      <property name="sourceApplicationContextFactory">
         <ref bean="fileServers" />
      </property>
      <property name="sourceBeanName">
         <value>contentDiskDriver</value>
      </property>
      <property name="interfaces">
         <list>
            <!--  Allow authentication subsystem to see content disk driver at runtime -->
            <value>org.alfresco.filesys.alfresco.ExtendedDiskInterface</value>
         </list>
      </property>
   </bean>

    <!-- IMAP Subsystem -->
    <bean id="imap" class="org.alfresco.repo.management.subsystems.ChildApplicationContextFactory" parent="abstractPropertyBackedBean">
        <property name="autoStart">
            <value>true</value>
        </property>
        <property name="compositePropertyTypes">
            <map>
               <entry key="imap.config.server.mountPoints">
                   <value>org.alfresco.repo.imap.config.ImapConfigMountPointsBean</value>
               </entry>
               <entry key="imap.config.ignore.extraction">
                   <value>org.alfresco.util.config.RepositoryFolderConfigBean</value>
               </entry>
            </map>
        </property>
        <property name="earlyPropertyCheckers">
            <map>
                <entry key="imap.server.port" value-ref="imapPortEarlyChecker" />
                <entry key="imap.server.imaps.port" value-ref="imapsPortEarlyChecker" />
            </map>
        </property>
    </bean>
    <bean id="imapPortEarlyChecker" class="org.alfresco.repo.management.subsystems.PortEarlyPropertyChecker">
        <constructor-arg value="IMAP" />
        <constructor-arg value="imap.server.host" />
        <constructor-arg value="false" />
        <constructor-arg value="true" />
    </bean>
    <bean id="imapsPortEarlyChecker" class="org.alfresco.repo.management.subsystems.PortEarlyPropertyChecker">
        <constructor-arg value="IMAPS" />
        <constructor-arg value="imap.server.host" />
        <constructor-arg value="false" />
        <constructor-arg value="true" />
    </bean>

    <!-- Outbound Email subsystem -->
    <bean id="OutboundSMTP" class="org.alfresco.repo.management.subsystems.ChildApplicationContextFactory" parent="abstractPropertyBackedBean">
        <property name="category">
            <value>email</value>
        </property>
        <property name="typeName">
            <value>OutboundSMTP</value>
        </property>
        <property name="instancePath">
            <list>
                <value>outbound</value>
            </list>
        </property>
        <property name="autoStart">
            <value>true</value>
        </property>
    </bean>

    <!-- Inbound Email subsystem -->
    <bean id="InboundSMTP" class="org.alfresco.repo.management.subsystems.ChildApplicationContextFactory" parent="abstractPropertyBackedBean">
        <property name="category">
            <value>email</value>
        </property>
        <property name="typeName">
            <value>InboundSMTP</value>
        </property>
        <property name="instancePath">
            <list>
                <value>inbound</value>
            </list>
        </property>
        <property name="autoStart">
            <value>true</value>
        </property>
        <property name="earlyPropertyCheckers">
            <map>
                <entry key="email.server.port" value-ref="smtpPortEarlyChecker" />
            </map>
        </property>
    </bean>
    <bean id="smtpPortEarlyChecker" class="org.alfresco.repo.management.subsystems.PortEarlyPropertyChecker">
        <constructor-arg value="SMTP" />
        <constructor-arg value="false" />
        <constructor-arg value="true" />
    </bean>

    <!--  Subscription Service subsystem -->
    <bean id="subscriptions" class="org.alfresco.repo.management.subsystems.ChildApplicationContextFactory" parent="abstractPropertyBackedBean">
       <property name="category">
          <value>Subscriptions</value>
       </property>
       <property name="autoStart">
          <value>true</value>
       </property>
    </bean>

    <bean id="SubscriptionService" class="org.alfresco.repo.management.subsystems.SubsystemProxyFactory">
       <property name="sourceApplicationContextFactory">
          <ref bean="subscriptions" />
       </property>
       <property name="sourceBeanName">
          <value>SubscriptionServiceImpl</value>
       </property>
       <property name="interfaces">
          <list>
             <value>org.alfresco.service.cmr.subscriptions.SubscriptionService</value>
          </list>
       </property>
    </bean>

    <!-- Start the quartz scheduler -->

    <bean id="schedulerStarter" class="org.alfresco.util.SchedulerStarterBean" >
       <property name="scheduler">
           <ref bean="schedulerFactory"/>
       </property>
    </bean>



    <!--  User usage tracking (requires a query across all users on startup) -->
    <bean id="userUsageTrackingComponent" class="org.alfresco.repo.usage.UserUsageTrackingComponent" init-method="init">
        <property name="policyComponent">
            <ref bean="policyComponent"/>
        </property>
        <property name="transactionService">
            <ref bean="transactionService"/>
        </property>
        <property name="contentUsageImpl">
            <ref bean="contentUsageImpl"/>
        </property>
        <!-- The store in which people are persisted-->
        <property name="personStoreUrl">
           <value>${spaces.store}</value>
        </property>
        <property name="nodeService">
            <ref bean="nodeService"/>
        </property>
        <property name="usageDAO">
            <ref bean="usageDAO"/>
        </property>
        <property name="usageService">
            <ref bean="usageService"/>
        </property>
        <property name="tenantAdminService">
            <ref bean="tenantAdminService" />
        </property>
        <property name="tenantService">
            <ref bean="tenantService" />
        </property>
        <property name="jobLockService">
            <ref bean="jobLockService" />
        </property>
        <property name="clearBatchSize">
            <value>${system.usages.clearBatchSize}</value>
        </property>
        <property name="updateBatchSize">
            <value>${system.usages.updateBatchSize}</value>
        </property>
        <property name="enabled">
            <value>${system.usages.enabled}</value>
        </property>
    </bean>

    <!-- Synchronization of home folders locations to their HomeFolderProvider -->
    <bean id="homeFolderProviderSynchronizer" class="org.alfresco.repo.security.person.HomeFolderProviderSynchronizer">
        <constructor-arg ref="transactionService" />
        <constructor-arg ref="authorityService" />
        <constructor-arg ref="personService" />
        <constructor-arg ref="nodeService" />
        <constructor-arg ref="fileFolderService" />
        <constructor-arg ref="homeFolderManager" />
        <constructor-arg ref="tenantAdminService" />
        <property name="enabled">
            <value>${home_folder_provider_synchronizer.enabled}</value>
        </property>
        <property name="overrideHomeFolderProviderName">
            <value>${home_folder_provider_synchronizer.override_provider}</value>
        </property>
        <property name="keepEmptyParents">
            <value>${home_folder_provider_synchronizer.keep_empty_parents}</value>
        </property>
    </bean>

    <!-- User registry synchronization jobs (e.g. LDAP) -->
    <bean id="Synchronization" class="org.alfresco.repo.management.subsystems.ChildApplicationContextFactory" parent="abstractPropertyBackedBean">
        <property name="autoStart">
            <value>true</value>
        </property>
    </bean>

    <!--  Start Auditing -->
    <bean id="Audit" class="org.alfresco.repo.audit.model.AuditModelRegistryImpl" parent="abstractPropertyBackedBean">
        <property name="searchPath">
            <list>
                <value>classpath*:alfresco/audit/*.xml</value>
                <value>classpath*:alfresco/enterprise/audit/*.xml</value>
                <value>classpath*:alfresco/module/*/audit/*.xml</value>
                <value>classpath*:alfresco/extension/audit/*.xml</value>
            </list>
        </property>
        <property name="transactionService" ref="transactionService" />
        <property name="auditDAO" ref="auditDAO" />
        <property name="dataExtractors" ref="auditModel.extractorRegistry" />
        <property name="dataGenerators" ref="auditModel.generatorRegistry" />
        <property name="autoStart">
            <value>true</value>
        </property>
    </bean>

   <!-- Repository helper class -->
   <bean id="repositoryHelper" class="org.alfresco.repo.model.Repository">
      <property name="transactionHelper" ref="retryingTransactionHelper" />
      <property name="namespaceService" ref="namespaceService" />
      <property name="nodeService" ref="nodeService" />
      <property name="personService" ref="personService" />
      <property name="fileFolderService" ref="fileFolderService" />
      <property name="searchService" ref="searchService" />
      <property name="companyHomeStore"><value>${spaces.store}</value></property>
      <property name="companyHomePath"><value>/${spaces.company_home.childname}</value></property>
      <property name="sharedHomePath"><value>/${spaces.company_home.childname}/${spaces.shared.childname}</value></property>
      <property name="guestHomePath"><value>/${spaces.company_home.childname}/${spaces.guest_home.childname}</value></property>
      <property name="singletonCache" ref="immutableSingletonCache" />
   </bean>

   <!-- Site service cache warmer -->
   <bean id="siteServiceBootstrap" class="org.alfresco.repo.site.SiteServiceBootstrap">
      <property name="siteService" ref="SiteService" />
   </bean>

    <!-- Scheduled persisted actions - load into quartz -->
   <bean id="scheduledPersistedActionServiceBootstrap" class="org.alfresco.repo.action.scheduled.ScheduledPersistedActionServiceImpl$ScheduledPersistedActionServiceBootstrap">
       <property name="scheduledPersistedActionService" ref="scheduledPersistedActionService" />
       <property name="transactionHelper" ref="retryingTransactionHelper" />
    </bean>

    <bean id="repositoryEndBootstrapBean" class="org.alfresco.repo.admin.RepositoryEndBootstrapBean" >
       <property name="repositoryState">
          <ref bean="repositoryState"/>
       </property>
    </bean>

    <bean id="webDavBootstrapBean" class="org.alfresco.repo.webdav.WebDavBootstrap" >
       <property name="rootNode">
          <ref bean="webdavRootNode"/>
       </property>
    </bean>

    <bean id="fileServerConfigurationFactory" class="org.alfresco.filesys.config.FileServerConfigurationFactory"/>

    <!-- Startup Message -->

    <bean id="startupLog" class="org.alfresco.repo.descriptor.DescriptorStartupLog">
       <property name="descriptorService">
           <ref bean="descriptorComponent"/>
       </property>
       <property name="transactionService">
           <ref bean="transactionService"/>
       </property>
       <property name="serverModeProvider">
           <ref bean="serverMode"/>
       </property>

    </bean>

     <!-- Activiti Jobexecutor -->
    <bean id="activitiEngineInitializer" depends-on="dynamicExporter"
        class="org.alfresco.repo.workflow.activiti.ActivitiEngineInitializer">
        <property name="workflowAdminService" ref="workflowAdminService" />
    </bean>
</beans>
