<?xml version='1.0' encoding='UTF-8'?>
<beans xmlns="http://www.springframework.org/schema/beans"
       xmlns:xsi="http://www.w3.org/2001/XMLSchema-instance"
       xsi:schemaLocation="http://www.springframework.org/schema/beans
        http://www.springframework.org/schema/beans/spring-beans.xsd">

    <bean id="linksServiceReadTxnAdvisor" class="org.springframework.aop.support.NameMatchMethodPointcutAdvisor">
        <property name="advice">
            <ref bean="retryingReadTxnAdvice"/>
        </property>
        <property name="mappedNames">
            <list>
                <value>getLink</value>
                <value>listLinks</value>
                <value>findLinks</value>
            </list>
        </property>
    </bean>

    <bean id="linksServiceWriteTxnAdvisor" class="org.springframework.aop.support.NameMatchMethodPointcutAdvisor">
        <property name="advice">
            <ref bean="retryingWriteTxnAdvice"/>
        </property>
        <property name="mappedNames">
            <list>
                <value>createLink</value>
                <value>updateLink</value>
                <value>deleteLink</value>
            </list>
        </property>
    </bean>

   <!-- Links Service -->
   <bean id="LinksService" class="org.springframework.aop.framework.ProxyFactoryBean">
      <property name="proxyInterfaces">
         <value>org.alfresco.service.cmr.links.LinksService</value>
      </property>
      <property name="target">
         <ref bean="linksService" />
      </property>
      <property name="interceptorNames">
         <list>
            <idref bean="linksServiceReadTxnAdvisor" />
            <idref bean="linksServiceWriteTxnAdvisor" />
            <idref bean="checkTxnAdvisor" />
            <idref bean="AuditMethodInterceptor" />
            <idref bean="exceptionTranslator" />
            <idref bean="LinksService_security" />
         </list>
      </property>
   </bean>

   <!-- Links service transaction bean -->
   <bean id="LinksService_transaction"
      class="org.springframework.transaction.interceptor.TransactionInterceptor">
      <property name="transactionManager">
         <ref bean="transactionManager" />
      </property>
      <property name="transactionAttributes">
         <props>
            <prop key="*">${server.transaction.mode.default}</prop>
         </props>
      </property>
   </bean>

   <!-- List of Links Canned queries -->
   <bean id="linksCannedQueryRegistry" class="org.alfresco.util.registry.NamedObjectRegistry">
       <property name="storageType" value="org.alfresco.query.CannedQueryFactory"/>
   </bean>
    
   <!-- The regular GetChildren Auditable Canned Query Factory -->
   <bean name="linksGetChildrenCannedQueryFactory" class="org.alfresco.repo.node.getchildren.GetChildrenAuditableCannedQueryFactory">
       <property name="registry" ref="linksCannedQueryRegistry"/>
       <property name="tenantService" ref="tenantService"/>
       <property name="nodeDAO" ref="nodeDAO"/>
       <property name="qnameDAO" ref="qnameDAO"/>
       <property name="cannedQueryDAO" ref="cannedQueryDAO"/>
       <property name="methodSecurity" ref="LinksService_security_listLinks"/>
   </bean>

   <!-- Links Service base bean -->
   <bean id="linksService" class="org.alfresco.repo.links.LinksServiceImpl">
       <property name="nodeDAO" ref="nodeDAO" />
       <property name="nodeService" ref="NodeService"/>
       <property name="siteService" ref="SiteService"/>
       <property name="searchService" ref="SearchService"/>
       <property name="contentService" ref="ContentService"/>
       <property name="taggingService" ref="TaggingService"/>
       <property name="transactionService" ref="transactionService" />
       <property name="cannedQueryRegistry" ref="linksCannedQueryRegistry" />
       <property name="namespaceService" ref="NamespaceService"/>
       <property name="dictionaryService" ref="dictionaryService"/>
   </bean>

</beans>
