<?xml version='1.0' encoding='UTF-8'?>
<beans xmlns="http://www.springframework.org/schema/beans"
       xmlns:xsi="http://www.w3.org/2001/XMLSchema-instance"
       xsi:schemaLocation="http://www.springframework.org/schema/beans
        http://www.springframework.org/schema/beans/spring-beans.xsd">

    <!-- FTP authentication -->
    <bean id="ftpAuthenticatorBase" abstract="true" init-method="initialize">
        <property name="config">
            <ref bean="fileServerConfiguration" />
        </property>
        <property name="authenticationService">
            <ref bean="authenticationService" />
        </property>
        <property name="authenticationComponent">
            <ref bean="authenticationComponent" />
        </property>
        <property name="transactionService">
            <ref bean="transactionService" />
        </property>
        <property name="authorityService">
            <ref bean="authorityService" />
        </property>
    </bean>
</beans>
