<?xml version="1.0" encoding="UTF-8"?>
<beans xmlns="http://www.springframework.org/schema/beans"
	xmlns:xsi="http://www.w3.org/2001/XMLSchema-instance"
	xsi:schemaLocation="http://www.springframework.org/schema/beans http://www.springframework.org/schema/beans/spring-beans.xsd">

<bean id="OAuth2CredentialsStoreService" class="org.springframework.aop.framework.ProxyFactoryBean">
   <property name="proxyInterfaces">
      <value>org.alfresco.service.cmr.oauth2.OAuth2CredentialsStoreService</value>
   </property>
   <property name="target">
      <ref bean="oauth2CredentialsStoreService"/>
   </property>
   <property name="interceptorNames">
      <list>
         <idref bean="oauth2CredentialsStoreServiceReadTxnAdvisor"/>
         <idref bean="oauth2CredentialsStoreServiceWriteTxnAdvisor"/>
         <idref bean="AuditMethodInterceptor"/>
         <idref bean="exceptionTranslator"/>
         <idref bean="oauth2SCredentialsStoreService_security"/>
      </list>
   </property>
</bean>

<bean id="oauth2SCredentialsStoreService_security" class="org.alfresco.repo.security.permissions.impl.acegi.MethodSecurityInterceptor">
   <property name="authenticationManager">
      <ref bean="authenticationManager" />
   </property>
   <property name="accessDecisionManager">
      <ref bean="accessDecisionManager"/>
   </property>
   <property name="afterInvocationManager">
      <ref bean="afterInvocationManager"/>
   </property>
   <property name="objectDefinitionSource">
      <value>
         org.alfresco.service.cmr.oauth2.OAuth2CredentialsStoreService.storePersonalOAuth2Credentials=ACL_ALLOW
         org.alfresco.service.cmr.oauth2.OAuth2CredentialsStoreService.storeSharedOAuth2Credentials=ACL_ALLOW 
         org.alfresco.service.cmr.oauth2.OAuth2CredentialsStoreService.getPersonalOAuth2Credentials=ACL_ALLOW
         org.alfresco.service.cmr.oauth2.OAuth2CredentialsStoreService.updateSharedOAuth2Credentials=ACL_ALLOW
         org.alfresco.service.cmr.oauth2.OAuth2CredentialsStoreService.listSharedOAuth2Credentials=ACL_ALLOW
         org.alfresco.service.cmr.oauth2.OAuth2CredentialsStoreService.deletePersonalOAuth2Credentials=ACL_ALLOW
         org.alfresco.service.cmr.oauth2.OAuth2CredentialsStoreService.deleteSharedOAuth2Credentials=ACL_ALLOW
         org.alfresco.service.cmr.oauth2.OAuth2CredentialsStoreService.updateCredentialsAuthenticationSucceeded=ACL_ALLOW
         org.alfresco.service.cmr.oauth2.OAuth2CredentialsStoreService.*=ACL_DENY
      </value>
   </property>
</bean>

<bean id="oauth2CredentialsStoreServiceReadTxnAdvisor" class="org.springframework.aop.support.NameMatchMethodPointcutAdvisor">
   <property name="advice">
      <ref bean="retryingReadTxnAdvice"/>
   </property>
   <property name="mappedNames">
      <list>
         <value>getPersonalOAuth2Credentials</value>
         <value>listSharedOAuth2Credentials</value>
         <value>updateCredentialsAuthenticationSucceeded</value>
      </list>
   </property>
</bean>

<bean id="oauth2CredentialsStoreServiceWriteTxnAdvisor" class="org.springframework.aop.support.NameMatchMethodPointcutAdvisor">
   <property name="advice">
      <ref bean="retryingWriteTxnAdvice"/>
   </property>
   <property name="mappedNames">
      <list>
         <value>storePersonalOAuth2Credentials</value>
         <value>storeSharedOAuth2Credentials</value>
         <value>updateSharedOAuth2Credentials</value>
         <value>deletePersonalOAuth2Credentials</value>
         <value>deleteSharedOAuth2Credentials</value>
      </list>
   </property>
</bean>

<bean id="oauth2CredentialsStoreService" class="org.alfresco.repo.oauth2.OAuth2CredentialsStoreServiceImpl">
   <property name="remoteCredentialsService">
      <ref bean="RemoteCredentialsService" />
   </property>
   
</bean>

</beans>
