<?xml version='1.0' encoding='UTF-8'?>
<beans xmlns="http://www.springframework.org/schema/beans"
       xmlns:xsi="http://www.w3.org/2001/XMLSchema-instance"
       xsi:schemaLocation="http://www.springframework.org/schema/beans
        http://www.springframework.org/schema/beans/spring-beans.xsd">

    <import resource="classpath:alfresco/opencmis-qnamefilter-context.xml" />

    <bean id="CMIS.DictionaryBootstrap" parent="dictionaryModelBootstrap" depends-on="dictionaryBootstrap">
        <property name="models">
            <list>
                <value>alfresco/model/cmisModel.xml</value>
                <value>alfresco/model/cmisTestModel.xml</value>
            </list>
        </property>
    </bean>

    <bean id="OpenCMISPropertyAccessorMapping" class="org.alfresco.opencmis.mapping.RuntimePropertyAccessorMapping" init-method="init">
        <property name="serviceRegistry"           ref="ServiceRegistry" />
        <property name="cmisConnector"             ref="CMISConnector" />
        <property name="cmisMapping"               ref="OpenCMISMapping" />
        <property name="cmisDictionaryService"     ref="OpenCMISDictionaryService" />
    </bean>
    
    <bean id="OpenCMISPropertyAccessorMapping1.1" class="org.alfresco.opencmis.mapping.RuntimePropertyAccessorMapping" init-method="init">
        <property name="serviceRegistry"           ref="ServiceRegistry" />
        <property name="cmisConnector"             ref="CMISConnector" />
        <property name="cmisMapping"               ref="OpenCMISMapping1.1" />
        <property name="cmisDictionaryService"     ref="OpenCMISDictionaryService1.1" />
    </bean>
    
    <bean id="OpenCMISPropertyLuceneBuilderMapping" class="org.alfresco.opencmis.mapping.RuntimePropertyLuceneBuilderMapping" >
        <property name="dictionaryService"         ref="dictionaryService" />
        <property name="cmisDictionaryService"     ref="OpenCMISDictionaryService" />
    </bean>

    <bean id="OpenCMISPropertyLuceneBuilderMapping1.1" class="org.alfresco.opencmis.mapping.RuntimePropertyLuceneBuilderMapping" >
        <property name="dictionaryService"         ref="dictionaryService" />
        <property name="cmisDictionaryService"     ref="OpenCMISDictionaryService1.1" />
    </bean>
    
    <bean id="OpenCMISDictionaryService" class="org.alfresco.opencmis.dictionary.CMISStrictDictionaryService" init-method="init">
        <property name="cmisMapping"                  ref="OpenCMISMapping" />
        <property name="dictionaryService"            ref="dictionaryService" />
        <property name="dictionaryDAO"                ref="dictionaryDAO" />
        <property name="singletonCache"               ref="openCMISRegistryCache"/>
        <property name="propertyLuceneBuilderMapping" ref="OpenCMISPropertyLuceneBuilderMapping" />
        <property name="propertyAccessorMapping"      ref="OpenCMISPropertyAccessorMapping" />
        <property name="tenantService"                ref="tenantService" />
    </bean>

    <bean id="OpenCMISDictionaryService1.1" class="org.alfresco.opencmis.dictionary.CMISStrictDictionaryService" init-method="init">
        <property name="cmisMapping"                  ref="OpenCMISMapping1.1" />
        <property name="dictionaryService"            ref="dictionaryService" />
        <property name="dictionaryDAO"                ref="dictionaryDAO" />
        <property name="singletonCache"               ref="openCMISRegistryCache"/>
        <property name="propertyLuceneBuilderMapping" ref="OpenCMISPropertyLuceneBuilderMapping1.1" />
        <property name="propertyAccessorMapping"      ref="OpenCMISPropertyAccessorMapping1.1" />
        <property name="tenantService"                ref="tenantService" />
    </bean>
    
    <bean id="OpenCMISMapping" class="org.alfresco.opencmis.mapping.CMISMapping" >
        <property name="cmisVersion"            value="CMIS_1_0" />
        <property name="dictionaryService"      ref="dictionaryService" />
        <property name="namespaceService"       ref="namespaceService" />
        <property name="filter"                 ref="cmisTypeExclusions"/>
    </bean>
    
    <bean id="OpenCMISMapping1.1" class="org.alfresco.opencmis.mapping.CMISMapping" >
        <property name="cmisVersion"            value="CMIS_1_1" />
        <property name="dictionaryService"      ref="dictionaryService" />
        <property name="namespaceService"       ref="namespaceService" />
        <property name="filter"                 ref="cmisTypeExclusions"/>
    </bean>
    
    <bean id="CMISLifecycleBean" class="org.alfresco.opencmis.CMISLifecycleBean">
        <property name="cmisServiceFactory"     ref="CMISServiceFactory" />
    </bean>

    <!-- Factory providing OpenCMIS with a CMISService -->
    <bean id="CMISServiceFactory" class="org.alfresco.opencmis.AlfrescoCmisServiceFactory" init-method="init">
        <property name="cmisConnector"          ref="CMISConnector" />
        <property name="cmisTransactions"       ref="CMISService_Transactions" />
        <property name="cmisExceptions"         ref="CMISService_Exceptions" />
        <property name="cmisControl"            ref="CMISService_Control" />
        <property name="cmisStreams"            ref="CMISService_Streams" />
        <property name="cmisHolder"             ref="CMISTransactionAwareHolderInterceptor" />
        <property name="authorityService"       ref="AuthorityService" />
        <property name="cmisCreateDocRequestRenditionsSet" value="${cmis.create.doc.request.renditions.set}" />
    </bean>

    <bean id="CMISTransactionAwareHolderInterceptor" class="org.alfresco.opencmis.CMISTransactionAwareHolderInterceptor" />

    <bean id="CMISService_Transactions" class="org.alfresco.repo.transaction.RetryingTransactionInterceptor">
        <property name="transactionService"     ref="TransactionService" />
        <property name="transactionManager"     ref="transactionManager" />
        <property name="extraExceptions">
            <list>
                <value>org.alfresco.service.cmr.repository.InvalidNodeRefException</value>
            </list>
        </property>
        <property name="transactionAttributes">
            <props>
                <prop key="get*">${server.transaction.mode.readOnly}</prop>
                <prop key="query">${server.transaction.mode.readOnly}</prop>
                <prop key="open">${server.transaction.mode.readOnly}</prop>
                <prop key="close">${server.transaction.mode.readOnly}</prop>
                <prop key="*">${server.transaction.mode.default}</prop>
            </props>
        </property>
    </bean>

    <bean id="CMISService_Exceptions" class="org.alfresco.opencmis.AlfrescoCmisExceptionInterceptor" />

    <bean id="CMISService_Control" class="org.alfresco.opencmis.AlfrescoCmisServiceInterceptor" />
    
    <bean id="CMISService_Streams" class="org.alfresco.opencmis.AlfrescoCmisStreamInterceptor">
        <property name="mimetypeService" ref="MimetypeService" />
    </bean>

    <bean id="cmisActivityPoster" class="org.alfresco.opencmis.ActivityPosterImpl">
        <property name="poster"                 ref="activitiesPoster" />
        <property name="siteService"            ref="SiteService" />
        <property name="tenantService"          ref="tenantService" />
        <property name="nodeService"            ref="NodeService" />
        <property name="fileFolderService"      ref="FileFolderService" />
        <property name="hiddenAspect"           ref="hiddenAspect" />
        <property name="activitiesEnabled"      value="${opencmis.activities.enabled}" />
    </bean>
    
    <bean id="objectFilter" class="org.alfresco.opencmis.PassthroughObjectFilter">
    </bean>
    
    <bean id="CMISConnector" class="org.alfresco.opencmis.CMISConnector" init-method="setup">
        <property name="store"                  value="${opencmis.connector.default.store}" />
        <property name="rootPath"               value="${opencmis.connector.default.rootPath}" />
        <property name="typesDefaultMaxItems"   value="${opencmis.connector.default.typesDefaultMaxItems}" />
        <property name="typesDefaultDepth"      value="${opencmis.connector.default.typesDefaultDepth}" />
        <property name="objectsDefaultMaxItems" value="${opencmis.connector.default.objectsDefaultMaxItems}" />
        <property name="objectsDefaultDepth"    value="${opencmis.connector.default.objectsDefaultDepth}" />
        <property name="contentChangesDefaultMaxItems"    value="${opencmis.connector.default.contentChangesDefaultMaxItems}" />
        <property name="renditionKindMapping">
            <map>
                <entry key="cmis:thumbnail">
                    <list>
                        <value>doclib</value>
                    </list>
                </entry>
                <entry key="alf:webpreview">
                    <list>
                        <value>webpreview</value>
                        <value>imgpreview</value>
                    </list>
                </entry>
            </map>
        </property>
        
        <property name="openHttpSession"        value="${opencmis.connector.default.openHttpSession}" />

        <property name="OpenCMISDictionaryService"   ref="OpenCMISDictionaryService" />
        <property name="OpenCMISQueryService"        ref="OpenCMISQueryService" />     
        <property name="OpenCMISDictionaryService11" ref="OpenCMISDictionaryService1.1" />
        <property name="OpenCMISQueryService11"      ref="OpenCMISQueryService1.1" />     

        <property name="activityPoster"         ref="cmisActivityPoster" />
        <property name="hiddenAspect"           ref="hiddenAspect" />
        <property name="siteService"            ref="SiteService" />
        <property name="actionService"          ref="ActionService" />
        <property name="objectFilter"           ref="objectFilter" />
        <property name="descriptorService"      ref="DescriptorService" />
        <property name="nodeService"            ref="NodeService" />
        <property name="thumbnailService"       ref="ThumbnailService" />
        <property name="serviceRegistry"        ref="ServiceRegistry" />
        <property name="fileFolderService"      ref="FileFolderService" />
        <property name="versionService"         ref="VersionService" />
        <property name="checkOutCheckInService" ref="CheckoutCheckinService" />
        <property name="lockService"            ref="LockService" />
        <property name="contentService"         ref="ContentService" />
        <property name="renditionService"       ref="RenditionService" />
        <property name="tenantAdminService"     ref="tenantAdminService" />
        <property name="singletonCache"         ref="immutableSingletonCache" />
        <property name="transactionService"     ref="transactionService"/>
        <property name="authenticationService"  ref="authenticationService" />
        <property name="permissionService"      ref="PermissionService" />
        <property name="permissionModelDao"     ref="permissionsModelDAO" />
        <property name="mimetypeService"        ref="MimetypeService" />
        <property name="auditService"           ref="auditService" />
        <property name="namespaceService"       ref="namespaceService" />
        <property name="searchService"          ref="SearchService" />
        <property name="dictionaryService"      ref="DictionaryService" />
        <property name="behaviourFilter"        ref="policyBehaviourFilter" />
        <property name="eventPublisher"         ref="eventPublisher" />

        <property name="bulkMaxItems"           value="${opencmis.bulkUpdateProperties.maxItemsSize}" />
        <property name="bulkBatchSize"          value="${opencmis.bulkUpdateProperties.batchSize}" />
        <property name="bulkWorkerThreads"      value="${opencmis.bulkUpdateProperties.workerThreads}" />
    </bean>


    <bean id="OpenCMISQueryService" class="org.springframework.aop.framework.ProxyFactoryBean">
        <property name="proxyInterfaces">
            <value>org.alfresco.opencmis.search.CMISQueryService</value>
        </property>
        <property name="target">
            <ref bean="subOpenCMISQueryService" />
        </property>
        <property name="interceptorNames">
            <list>
                <idref bean="AuditMethodInterceptor" />
            </list>
        </property>
    </bean>

    <bean id="subOpenCMISQueryService" class="org.alfresco.repo.management.subsystems.SubsystemProxyFactory">
        <property name="sourceApplicationContextFactory">
            <ref bean="Search" />
        </property>
        <property name="sourceBeanName">
            <value>search.OpenCMISQueryService</value>
        </property>
        <property name="interfaces">
            <list>
                <value>org.alfresco.opencmis.search.CMISQueryService</value>
            </list>
        </property>
    </bean>

    <bean id="OpenCMISQueryService1.1" class="org.springframework.aop.framework.ProxyFactoryBean">
        <property name="proxyInterfaces">
            <value>org.alfresco.opencmis.search.CMISQueryService</value>
        </property>
        <property name="target">
            <ref bean="subOpenCMISQueryService1.1" />
        </property>
        <property name="interceptorNames">
            <list>
                <idref bean="AuditMethodInterceptor" />
            </list>
        </property>
    </bean>

    <bean id="subOpenCMISQueryService1.1" class="org.alfresco.repo.management.subsystems.SubsystemProxyFactory">
        <property name="sourceApplicationContextFactory">
            <ref bean="Search" />
        </property>
        <property name="sourceBeanName">
            <value>search.OpenCMISQueryService1.1</value>
        </property>
        <property name="interfaces">
            <list>
                <value>org.alfresco.opencmis.search.CMISQueryService</value>
            </list>
        </property>
    </bean>
        
    <bean id="CMISChangeLogDataExtractor" class="org.alfresco.opencmis.CMISChangeLogDataExtractor">
        <property name="nodeService"            ref="NodeService" />    
        <property name="OpenCMISDictionaryService" ref="OpenCMISDictionaryService" />
        <property name="registry"               ref="auditModel.extractorRegistry" />        
        <property name="cmisConnector"          ref="CMISConnector" />
    </bean>

    <bean id="CMISChangeLogDataExtractor1.1" class="org.alfresco.opencmis.CMISChangeLogDataExtractor">
        <property name="nodeService"            ref="NodeService" />    
        <property name="OpenCMISDictionaryService" ref="OpenCMISDictionaryService1.1" />
        <property name="registry"               ref="auditModel.extractorRegistry" />        
        <property name="cmisConnector"          ref="CMISConnector" />
    </bean>
</beans>
