<?xml version='1.0' encoding='UTF-8'?>
<beans xmlns="http://www.springframework.org/schema/beans"
       xmlns:xsi="http://www.w3.org/2001/XMLSchema-instance"
       xsi:schemaLocation="http://www.springframework.org/schema/beans
        http://www.springframework.org/schema/beans/spring-beans.xsd">

    <bean id="cmisTypeExclusions" class="org.alfresco.opencmis.dictionary.QNameFilterImpl" init-method="initFilter">
        <property name="excludedTypes">
            <list>
                <value>{http://www.jcp.org/jcr/1.0}*</value>
                <value>{http://www.jcp.org/jcr/nt/1.0}*</value> 
                <value>{http://www.jcp.org/jcr/mix/1.0}*</value>
                <value>{http://www.jcp.org/jcr/sv/1.0}*</value>
            </list>
        </property>
    </bean>
</beans>