<?xml version='1.0' encoding='UTF-8'?>
<beans xmlns="http://www.springframework.org/schema/beans"
       xmlns:xsi="http://www.w3.org/2001/XMLSchema-instance"
       xsi:schemaLocation="http://www.springframework.org/schema/beans
        http://www.springframework.org/schema/beans/spring-beans.xsd">

   <!-- Remote Credentials Service -->
   <bean id="RemoteCredentialsService" class="org.springframework.aop.framework.ProxyFactoryBean">
      <property name="proxyInterfaces">
         <value>org.alfresco.service.cmr.remotecredentials.RemoteCredentialsService</value>
      </property>
      <property name="target">
         <ref bean="remoteCredentialsService" />
      </property>
      <property name="interceptorNames">
         <list>
            <idref bean="remoteCredentialsServiceReadTxnAdvisor" />
            <idref bean="remoteCredentialsServiceWriteTxnAdvisor" />
            <idref bean="AuditMethodInterceptor" />
            <idref bean="exceptionTranslator" />
            <idref bean="RemoteCredentialsService_security" />
         </list>
      </property>
   </bean>

   <!-- Transaction Interceptors for the Remote Credentials Service -->
   <bean id="remoteCredentialsServiceReadTxnAdvisor" class="org.springframework.aop.support.NameMatchMethodPointcutAdvisor">
        <property name="advice">
            <ref bean="retryingReadTxnAdvice"/>
        </property>
        <property name="mappedNames">
            <list>
                <value>getPersonCredentials</value>
                <value>listPersonRemoteSystems</value>
                <value>listSharedRemoteSystems</value>
                <value>listAllRemoteSystems</value>
                <value>listPersonCredentials</value>
                <value>listSharedCredentials</value>
                <value>listAllCredentials</value>
            </list>
        </property>
    </bean>
    <bean id="remoteCredentialsServiceWriteTxnAdvisor" class="org.springframework.aop.support.NameMatchMethodPointcutAdvisor">
        <property name="advice">
            <ref bean="retryingWriteTxnAdvice"/>
        </property>
        <property name="mappedNames">
            <list>
                <value>createPersonCredentials</value>
                <value>createSharedCredentials</value>
                <value>updateCredentials</value>
                <value>updateCredentialsAuthenticationSucceeded</value>
                <value>deleteCredentials</value>
            </list>
        </property>
   </bean>

   <!-- Parent for the Credentials Bean Factories -->
	<bean id="remoteCredentialsFactory" abstract="true">
      <property name="metadataEncryptor" ref="metadataEncryptor"/>
   </bean>

   <!-- Remote Credentials  Service base bean -->
	<bean id="remoteCredentialsService" class="org.alfresco.repo.remotecredentials.RemoteCredentialsServiceImpl">
        <property name="nodeService" ref="NodeService"/>
        <property name="namespaceService" ref="NamespaceService"/>
        <property name="dictionaryService" ref="DictionaryService"/>
        <property name="permissionService" ref="PermissionService"/>
        <property name="repositoryHelper" ref="repositoryHelper" />
        <property name="credentialsFactories">
           <map>
              <entry key="rc:passwordCredentials">
                 <bean class="org.alfresco.repo.remotecredentials.PasswordCredentialsFactory" parent="remoteCredentialsFactory" />
              </entry>
              <entry key="rc:oauth1Credentials">
                 <bean class="org.alfresco.repo.remotecredentials.OAuth1CredentialsFactory" parent="remoteCredentialsFactory" />
              </entry>
              <entry key="rc:oauth2Credentials">
                 <bean class="org.alfresco.repo.remotecredentials.OAuth2CredentialsFactory" parent="remoteCredentialsFactory" />
              </entry>
           </map>
        </property>
	</bean>

</beans>
