<?xml version='1.0' encoding='UTF-8'?>
<beans xmlns="http://www.springframework.org/schema/beans"
       xmlns:xsi="http://www.w3.org/2001/XMLSchema-instance"
       xsi:schemaLocation="http://www.springframework.org/schema/beans
        http://www.springframework.org/schema/beans/spring-beans.xsd">

   <bean id="interpreterBase" abstract="true">
      <property name="transactionService" ref="transactionComponent"/>
      <property name="authorityService" ref="AuthorityService"/>
   </bean>
    
   <bean id="repoAdminService" class="org.alfresco.repo.admin.RepoAdminServiceImpl">
      <property name="dictionaryDAO" ref="dictionaryDAO"/>
      <property name="searchService" ref="admSearchService"/>
      <property name="nodeService" ref="nodeService"/>
      <property name="contentService" ref="contentService"/>
      <property name="namespaceService" ref="namespaceService"/>
      <property name="messageService" ref="messageService"/>
      <property name="repoUsageComponent" ref="repoUsageComponent"/>
      
      <property name="repositoryModelsLocation" ref="customModelsRepositoryLocation"/>
      <property name="repositoryMessagesLocation" ref="customMessagesRepositoryLocation"/>
   </bean>
   
   <bean id="repoAdminInterpreter" class="org.alfresco.repo.admin.RepoAdminInterpreter" parent="interpreterBase">
      <property name="repoAdminService" ref="RepoAdminService"/>
   </bean>

   <bean id="repoAdminInterpreterHelp" class="org.alfresco.i18n.ResourceBundleBootstrapComponent">
      <property name="resourceBundles">
         <list>
             <value>alfresco.messages.repoadmin-interpreter-help</value>
             <value>alfresco.messages.repoadmin-service</value>
         </list>
      </property>
   </bean>
   
    
   <!-- Load any additional models/messages from repo into data dictionary -->
   <!-- note: needs to match boostrap-context.xml locations (customModelsSpace.acp and customMessagesSpace.xml) -->
   
   <bean id="customModelsRepositoryLocation" class="org.alfresco.repo.dictionary.RepositoryLocation">
        <!-- other properties will be defaulted, but can be overriden here -->
        <property name="path">
            <value>/app:company_home/app:dictionary/app:models</value>
        </property>
        <property name="queryLanguage">
            <value>path</value>
        </property>
   </bean>
   
   <bean id="customMessagesRepositoryLocation" class="org.alfresco.repo.dictionary.RepositoryLocation">
        <!-- other properties will be defaulted, but can be overriden here -->
        <property name="path">
            <value>/app:company_home/app:dictionary/app:messages</value>
        </property>
        <property name="queryLanguage">
            <value>path</value>
        </property>
   </bean>
    <bean id ="repoHealthChecker" class="org.alfresco.repo.admin.RepoHealthChecker">
        <constructor-arg index="0" ref="dataSourceCheck"/>
    </bean>
   
</beans>
