<?xml version='1.0' encoding='UTF-8'?>

<beans xmlns="http://www.springframework.org/schema/beans"
       xmlns:xsi="http://www.w3.org/2001/XMLSchema-instance"
       xsi:schemaLocation="http://www.springframework.org/schema/beans
        http://www.springframework.org/schema/beans/spring-beans.xsd">

    <bean id="resetPasswordService" class="org.alfresco.repo.security.authentication.ResetPasswordServiceImpl">
        <property name="workflowService" ref="WorkflowService" />
        <property name="activitiHistoryService" ref="activitiHistoryService" />
        <property name="actionService" ref="actionService" />
        <property name="nodeService" ref="nodeService" />
        <property name="personService" ref="personService" />
        <property name="sysAdminParams" ref="sysAdminParams"/>
        <property name="activitiTaskService" ref="activitiTaskService" />
        <property name="authenticationService" ref="AuthenticationService" />
        <property name="clientAppConfig" ref="clientAppConfig" />
        <property name="emailHelper" ref="emailHelper" />
        <property name="timerEnd" value="${system.reset-password.endTimer}" />
        <property name="defaultEmailSender" value="${system.email.sender.default}" />
        <property name="sendEmailAsynchronously" value="${system.reset-password.sendEmailAsynchronously}" />
    </bean>

    <bean id="resetPaswwordResourceBundles" class="org.alfresco.i18n.ResourceBundleBootstrapComponent">
        <property name="resourceBundles">
            <list>
                <value>alfresco.messages.reset-password-messages</value>
            </list>
        </property>
    </bean>

    <bean id="baseResetPasswordDelegate" parent="baseJavaDelegate" abstract="true">
        <property name="resetPasswordService" ref="resetPasswordService"/>
    </bean>

    <bean id="SendResetPasswordEmailDelegate" parent="baseResetPasswordDelegate"
          class="org.alfresco.repo.security.authentication.activiti.SendResetPasswordEmailDelegate">
    </bean>

    <bean id="PerformResetPasswordDelegate" parent="baseResetPasswordDelegate"
          class="org.alfresco.repo.security.authentication.activiti.PerformResetPasswordDelegate">
    </bean>

    <bean id="SendResetPasswordConfirmationEmailDelegate" parent="baseResetPasswordDelegate"
          class="org.alfresco.repo.security.authentication.activiti.SendResetPasswordConfirmationEmailDelegate">
    </bean>
</beans>