<?xml version='1.0' encoding='UTF-8'?>
<beans xmlns="http://www.springframework.org/schema/beans"
       xmlns:xsi="http://www.w3.org/2001/XMLSchema-instance"
       xsi:schemaLocation="http://www.springframework.org/schema/beans
        http://www.springframework.org/schema/beans/spring-beans.xsd">

	<bean id="TaggingService" class="org.springframework.aop.framework.ProxyFactoryBean">
        <property name="proxyInterfaces">
            <value>org.alfresco.service.cmr.tagging.TaggingService</value>
        </property>
        <property name="target">
            <ref bean="taggingService"/>
        </property>
        <property name="interceptorNames">
            <list>
                <idref bean="TaggingService_transaction"/>
                <idref bean="AuditMethodInterceptor"/>
                <idref bean="exceptionTranslator"/>
                <idref bean="TaggingService_security"/>
            </list>
        </property>
    </bean>

    <bean id="TaggingService_transaction" class="org.springframework.transaction.interceptor.TransactionInterceptor">
        <property name="transactionManager">
            <ref bean="transactionManager"/>
        </property>
        <property name="transactionAttributes">
            <props>
                <prop key="*">${server.transaction.mode.default}</prop>
            </props>
        </property>
    </bean>
    
    <bean id="TaggingService_security" class="org.alfresco.repo.security.permissions.impl.AlwaysProceedMethodInterceptor" />
    
    <bean id="taggingService" class="org.alfresco.repo.tagging.TaggingServiceImpl" init-method="init">
    	<property name="nodeService" ref="NodeService"/>
        <property name="nodeServiceInternal" ref="nodeService"/>
        <property name="categoryService" ref="CategoryService"/>
        <property name="searchService" ref="SearchService"/>
        <property name="actionService" ref="ActionService"/>
        <property name="contentService" ref="ContentService"/>
        <property name="namespaceService" ref="NamespaceService"/>
        <property name="policyComponent" ref="policyComponent"/>
        <property name="auditComponent" ref="auditComponent"/>
        <property name="eventGenerator" ref="eventGeneratorV2"/>
    </bean>
    
    <bean id="update-tagscope" class="org.alfresco.repo.tagging.UpdateTagScopesActionExecuter" parent="action-executer">
        <property name="publicAction">
           <value>false</value>
        </property>
        <property name="nodeService" ref="NodeService"/>
        <property name="contentService" ref="ContentService"/>
        <property name="taggingService" ref="TaggingService"/>
        <property name="auditService"   ref="AuditService"/>
        <property name="jobLockService" ref="JobLockService" />
        <property name="transactionService" ref="transactionService" />
        <property name="behaviourFilter" ref="policyBehaviourFilter" />
    </bean> 
    
    <bean id="refresh-tagscope" class="org.alfresco.repo.tagging.RefreshTagScopeActionExecuter" parent="action-executer">
        <property name="publicAction">
           <value>false</value>
        </property>
        <property name="nodeService" ref="NodeService"/>
        <property name="contentService" ref="ContentService"/>
        <property name="taggingService" ref="TaggingService"/>
    </bean> 
    
    <bean id="scriptTaggingService" parent="baseJavaScriptExtension" class="org.alfresco.repo.tagging.script.ScriptTaggingService">
        <property name="extensionName">
            <value>taggingService</value>
        </property>
        <!-- Creates ScriptNodes which require the ServiceRegistry -->
        <property name="serviceRegistry" ref="ServiceRegistry"/>
    </bean>
    
   <bean id="tagscopeSummaryPropertyInterceptor" class="org.alfresco.repo.tagging.TagScopePropertyMethodInterceptor">
      <property name="nodeService" ref="mlAwareNodeService" />
      <property name="contentService" ref="contentService" />
      <property name="cache" ref="tagscopeSummaryCache" />
   </bean>

</beans>
