<?xml version='1.0' encoding='UTF-8'?>
<beans xmlns="http://www.springframework.org/schema/beans"
       xmlns:xsi="http://www.w3.org/2001/XMLSchema-instance"
       xsi:schemaLocation="http://www.springframework.org/schema/beans
        http://www.springframework.org/schema/beans/spring-beans.xsd">

   <bean id="webdavRootNode" class="org.alfresco.repo.webdav.MTNodesCache2" 
        init-method="init">
       <property name="nodeService" ref="NodeService" />
       <property name="searchService" ref="SearchService" />
       <property name="tenantService" ref="tenantService" />
       <property name="namespaceService" ref="NamespaceService" />
       <property name="storeName"><value>${system.webdav.storeName}</value></property>
       <property name="rootPath"><value>${system.webdav.rootPath}</value></property>  
       <property name="enabled" ><value>${system.webdav.servlet.enabled}</value></property> 
    </bean>
    
   <!--  WebDav Client -->
    <bean id="webdavService" class="org.alfresco.repo.webdav.WebDavServiceImpl" 
        init-method="init">
        <property name="dictionaryService" ref="dictionaryService" />
        <property name="nodeService" ref="NodeService" />
        <property name="fileFolderService" ref="FileFolderService" />
        <property name="rootNode" ref="webdavRootNode" />
        <property name="enabled"><value>${system.webdav.servlet.enabled}</value></property>
        <property name="activitiesEnabled" value="${system.webdav.activities.enabled}"/>
    </bean>

    <!-- Configure remote-api source related beans in remote-api-context.xml to ensure no dependency problems -->
</beans>