<?xml version="1.0" encoding="UTF-8" ?>

<!DOCTYPE mapper PUBLIC "-//mybatis.org//DTD Mapper 3.0//EN" "http://mybatis.org/dtd/mybatis-3-mapper.dtd">

<mapper namespace="alfresco.node.select.children">

    <select id="select_ChildAssocsOfParent_Limited" parameterType="ChildAssoc" resultMap="alfresco.node.result_ChildAssoc">
        <include refid="alfresco.node.select_ChildAssocsOfParent_Snippet"/>
        <if test="ordered == true">
            <include refid="alfresco.node.select_ChildAssoc_OrderBy"/>
        </if>
    </select>

    <select id="select_ChildNodeIds_Limited" parameterType="ChildAssoc" resultMap="alfresco.node.result_ChildAssocIds">
        <include refid="alfresco.node.select_ChildNodeIds_Limited_Snippet"/>
    </select>

</mapper>